deveui,name,description,application,deviceprofile,payloadcodec,fport,appkey,devaddr,nwkskey,appskey
24e1247151234568,WT201-1,24e1247151234568,test,ClassC-OTAA,WT201,1,366f25c6abb5004c016f442c1a56baee,,,
24e1247151234569,WT201-2,24e1247151234569,test,ClassC-OTAA,WT201,1,f91f99690ae12802eeebd747ddbec37e,,,
24e124715123456a,WT201-3,24e124715123456a,test,ClassC-OTAA,WT201,1,1db940184d6d532f421b007eb2a638ec,,,
24e124715123456b,WT201-4,24e124715123456b,test,ClassC-OTAA,WT201,1,4a9b72c49cb5e6d45131759c4cab619c,,,
24e124715123456c,WT201-5,24e124715123456c,test,ClassC-OTAA,WT201,1,c25a5bf88d221cc9c35d0a06ca6d7a4e,,,
24e124715123456d,WT201-6,24e124715123456d,test,ClassC-OTAA,WT201,1,54891f82aecc80616cf8e6b5f71600af,,,
24e124715123456e,WT201-7,24e124715123456e,test,ClassC-OTAA,WT201,1,2c7c669de00ae312d82fb74d5461deec,,,
24e124715123456f,WT201-8,24e124715123456f,test,ClassC-OTAA,WT201,1,05ec66e54a4cfc018d0391ffe0781efc,,,
24e1247151234570,WT201-9,24e1247151234570,test,ClassC-OTAA,WT201,1,102956eabb1e40f8a00eb915378f0369,,,
24e1247151234571,WT201-10,24e1247151234571,test,ClassC-OTAA,WT201,1,ee4a711e74c57b90356fb0a445f7df4c,,,
24e1247151234572,WT201-11,24e1247151234572,test,ClassC-OTAA,WT201,1,28ae52b5326a92abab2eb360a7ea3281,,,
24e1247151234573,WT201-12,24e1247151234573,test,ClassC-OTAA,WT201,1,f04a39baf5ddbb3379867323d39445a9,,,
24e1247151234574,WT201-13,24e1247151234574,test,ClassC-OTAA,WT201,1,2578949d79056f5981e1f78f1754e694,,,
24e1247151234575,WT201-14,24e1247151234575,test,ClassC-OTAA,WT201,1,e0c33df5516c76143f72420dacbce881,,,
24e1247151234576,WT201-15,24e1247151234576,test,ClassC-OTAA,WT201,1,3b8f4732257d10186bca7959b9a6714c,,,
24e1247151234577,WT201-16,24e1247151234577,test,ClassC-OTAA,WT201,1,f0dc3f400d71f73e91c4bd34e125fdac,,,
24e1247151234578,WT201-17,24e1247151234578,test,ClassC-OTAA,WT201,1,1d0522ccd5ad84b5491c50e8f354894c,,,
24e1247151234579,WT201-18,24e1247151234579,test,ClassC-OTAA,WT201,1,6612071234f36e12d666e9a9bfe58b7b,,,
24e124715123457a,WT201-19,24e124715123457a,test,ClassC-OTAA,WT201,1,841c721c931c6e7f9795339abcf5d616,,,
24e124715123457b,WT201-20,24e124715123457b,test,ClassC-OTAA,WT201,1,9e2883bb304cde91ee91655e99bcb0d1,,,
24e124715123457c,WT201-21,24e124715123457c,test,ClassC-OTAA,WT201,1,f54c2126983a77fa9391fc040a4007a2,,,
24e124715123457d,WT201-22,24e124715123457d,test,ClassC-OTAA,WT201,1,9922fdf1c78ed58c63933529fad078f4,,,
24e124715123457e,WT201-23,24e124715123457e,test,ClassC-OTAA,WT201,1,b0054b4f8e723fb003bc5cee7a421f2b,,,
24e124715123457f,WT201-24,24e124715123457f,test,ClassC-OTAA,WT201,1,c8b8379e247a05e64abb2997dc7135e7,,,
24e1247151234580,WT201-25,24e1247151234580,test,ClassC-OTAA,WT201,1,abfe5075f2962b8eeeb9b9eedf630251,,,
24e1247151234581,WT201-26,24e1247151234581,test,ClassC-OTAA,WT201,1,6b85f9d07e303722fe4f73f049e154d5,,,
24e1247151234582,WT201-27,24e1247151234582,test,ClassC-OTAA,WT201,1,ef43c1608e058d859218ed3050f907d1,,,
24e1247151234583,WT201-28,24e1247151234583,test,ClassC-OTAA,WT201,1,a0f35a4e988ff4b5f8fae8c63fa83d73,,,
24e1247151234584,WT201-29,24e1247151234584,test,ClassC-OTAA,WT201,1,90467e753f5da7b9dea7073b6d115b85,,,
24e1247151234585,WT201-30,24e1247151234585,test,ClassC-OTAA,WT201,1,ce71b019f6afb06167327c3405430e1c,,,
24e1247151234586,WT201-31,24e1247151234586,test,ClassC-OTAA,WT201,1,79770cc541ee2a51932c78f9d0094231,,,
24e1247151234587,WT201-32,24e1247151234587,test,ClassC-OTAA,WT201,1,08a9f211845598a3c02dac5324cd0a32,,,
24e1247151234588,WT201-33,24e1247151234588,test,ClassC-OTAA,WT201,1,5a7c1fdc9d5638f7d06eed8ae700bbc5,,,
24e1247151234589,WT201-34,24e1247151234589,test,ClassC-OTAA,WT201,1,b38230a1a0363a65d5b933794beb2790,,,
24e124715123458a,WT201-35,24e124715123458a,test,ClassC-OTAA,WT201,1,f763d0d8e164f9006aa308d61be89899,,,
24e124715123458b,WT201-36,24e124715123458b,test,ClassC-OTAA,WT201,1,f29089cba725406c2fe033aea88f689b,,,
24e124715123458c,WT201-37,24e124715123458c,test,ClassC-OTAA,WT201,1,803b84e2f9c2d791fca81860c8815acd,,,
24e124715123458d,WT201-38,24e124715123458d,test,ClassC-OTAA,WT201,1,108dbedd0cd3cf7a37d8142ce9e695e2,,,
24e124715123458e,WT201-39,24e124715123458e,test,ClassC-OTAA,WT201,1,349749833357388506d36da13e0b861b,,,
24e124715123458f,WT201-40,24e124715123458f,test,ClassC-OTAA,WT201,1,44b2118c18a0b68c8a0b5f7d2ce7128c,,,
24e1247151234590,WT201-41,24e1247151234590,test,ClassC-OTAA,WT201,1,60628fecc0c7405c03364d4f7a315dd6,,,
24e1247151234591,WT201-42,24e1247151234591,test,ClassC-OTAA,WT201,1,8644b65eee1c3bf0a9f49079755ab6f8,,,
24e1247151234592,WT201-43,24e1247151234592,test,ClassC-OTAA,WT201,1,503bdfbb50a7be688fe9b3e29c1d3f04,,,
24e1247151234593,WT201-44,24e1247151234593,test,ClassC-OTAA,WT201,1,1ae6167936fba380cd97116420500d20,,,
24e1247151234594,WT201-45,24e1247151234594,test,ClassC-OTAA,WT201,1,808293d9aa63a6ab28fc98fdbde39424,,,
24e1247151234595,WT201-46,24e1247151234595,test,ClassC-OTAA,WT201,1,3b7f5d1a10bc5958ca03898a16e4acb0,,,
24e1247151234596,WT201-47,24e1247151234596,test,ClassC-OTAA,WT201,1,42c89b1b8ceb0a46a346f9f6498d4d94,,,
24e1247151234597,WT201-48,24e1247151234597,test,ClassC-OTAA,WT201,1,d1e0aca9fecbc963c99c19f8277439b1,,,
24e1247151234598,WT201-49,24e1247151234598,test,ClassC-OTAA,WT201,1,39765c1da8ff6ff54207b9d8b5f7cebb,,,
24e1247151234599,WT201-50,24e1247151234599,test,ClassC-OTAA,WT201,1,888ef6293e2e3a7949c0adb4a902dc74,,,
24e124715123459a,WT201-51,24e124715123459a,test,ClassC-OTAA,WT201,1,bb3a8441f41f0dfd96d059f4835d8288,,,
24e124715123459b,WT201-52,24e124715123459b,test,ClassC-OTAA,WT201,1,4bbd78e8222ff13c3c944608fff37b01,,,
24e124715123459c,WT201-53,24e124715123459c,test,ClassC-OTAA,WT201,1,41b9ed028883f9151c46b26bb03766d8,,,
24e124715123459d,WT201-54,24e124715123459d,test,ClassC-OTAA,WT201,1,213226a50dd2f281e5fa0f99f70da088,,,
24e124715123459e,WT201-55,24e124715123459e,test,ClassC-OTAA,WT201,1,5b88c7b417317d59f8411b6fb36e27f8,,,
24e124715123459f,WT201-56,24e124715123459f,test,ClassC-OTAA,WT201,1,9cc55b249c8b8e9a4d4b24e12d57995a,,,
24e12471512345a0,WT201-57,24e12471512345a0,test,ClassC-OTAA,WT201,1,8c9d31d9e384c799146010a253d84a5d,,,
24e12471512345a1,WT201-58,24e12471512345a1,test,ClassC-OTAA,WT201,1,47dfb8daf7d422dadfd4fecb5209ad43,,,
24e12471512345a2,WT201-59,24e12471512345a2,test,ClassC-OTAA,WT201,1,f2bec64e93cda99bae2164c007ff5983,,,
24e12471512345a3,WT201-60,24e12471512345a3,test,ClassC-OTAA,WT201,1,d22c69bf39f05b29a3f93ca95bb05209,,,
24e12471512345a4,WT201-61,24e12471512345a4,test,ClassC-OTAA,WT201,1,0336bfa91d0f02575cc8af291e6260d5,,,
24e12471512345a5,WT201-62,24e12471512345a5,test,ClassC-OTAA,WT201,1,10a4c1d4b41df87190bce820dc5cf303,,,
24e12471512345a6,WT201-63,24e12471512345a6,test,ClassC-OTAA,WT201,1,54eecb41425883d52ed68073590e3818,,,
24e12471512345a7,WT201-64,24e12471512345a7,test,ClassC-OTAA,WT201,1,db0957433c327bbc695eb1216f49746e,,,
24e12471512345a8,WT201-65,24e12471512345a8,test,ClassC-OTAA,WT201,1,c4efca7b8c33f5ff198d999981641f64,,,
24e12471512345a9,WT201-66,24e12471512345a9,test,ClassC-OTAA,WT201,1,94b095a91a909c7cacb251dd4c0a090d,,,
24e12471512345aa,WT201-67,24e12471512345aa,test,ClassC-OTAA,WT201,1,6f2d9e1d3971aaedd808a97a25fda7f8,,,
24e12471512345ab,WT201-68,24e12471512345ab,test,ClassC-OTAA,WT201,1,9dee7dccaebb6e7621078d5f87590429,,,
24e12471512345ac,WT201-69,24e12471512345ac,test,ClassC-OTAA,WT201,1,361a6511d48f2eee8e617836b91c789e,,,
24e12471512345ad,WT201-70,24e12471512345ad,test,ClassC-OTAA,WT201,1,c77545f1be85c1911d48bcbab432d963,,,
24e12471512345ae,WT201-71,24e12471512345ae,test,ClassC-OTAA,WT201,1,23cc9eb889390e3fbb1778e6e7c20217,,,
24e12471512345af,WT201-72,24e12471512345af,test,ClassC-OTAA,WT201,1,d6057bdeac62239386a37044433a0d7b,,,
24e12471512345b0,WT201-73,24e12471512345b0,test,ClassC-OTAA,WT201,1,981fb0c9a2c618a2d427afead965650d,,,
24e12471512345b1,WT201-74,24e12471512345b1,test,ClassC-OTAA,WT201,1,f3d67c999e36334275c926be2d6b03ea,,,
24e12471512345b2,WT201-75,24e12471512345b2,test,ClassC-OTAA,WT201,1,08ae58de2ce944bdea758b7ac0f8605e,,,
24e12471512345b3,WT201-76,24e12471512345b3,test,ClassC-OTAA,WT201,1,6b9a4e5fa7927e3b019ea7c813db965d,,,
24e12471512345b4,WT201-77,24e12471512345b4,test,ClassC-OTAA,WT201,1,b2a1db597b321b93b58baaef82502ded,,,
24e12471512345b5,WT201-78,24e12471512345b5,test,ClassC-OTAA,WT201,1,a8ae63a8b388f90c2c15f58a494f6f49,,,
24e12471512345b6,WT201-79,24e12471512345b6,test,ClassC-OTAA,WT201,1,ab8d00162c3bf5a508fb91187f487065,,,
24e12471512345b7,WT201-80,24e12471512345b7,test,ClassC-OTAA,WT201,1,c887817bd75f08257b4708ace03476df,,,
24e12471512345b8,WT201-81,24e12471512345b8,test,ClassC-OTAA,WT201,1,2ddb8de76d409dcbf656dcbd5280374f,,,
24e12471512345b9,WT201-82,24e12471512345b9,test,ClassC-OTAA,WT201,1,d19397ded216374cfce34c734ddad460,,,
24e12471512345ba,WT201-83,24e12471512345ba,test,ClassC-OTAA,WT201,1,81ab7a072b614d12ba4045fb38cecde9,,,
24e12471512345bb,WT201-84,24e12471512345bb,test,ClassC-OTAA,WT201,1,11e6eddc42526f20623cec4e88521ec3,,,
24e12471512345bc,WT201-85,24e12471512345bc,test,ClassC-OTAA,WT201,1,ee415c35c885c42174831ea97f987ad8,,,
24e12471512345bd,WT201-86,24e12471512345bd,test,ClassC-OTAA,WT201,1,70b0b97eb15a1ab3b7abd8ce726edb5c,,,
24e12471512345be,WT201-87,24e12471512345be,test,ClassC-OTAA,WT201,1,18797e21cbaeb1ff9600b0db56f5694f,,,
24e12471512345bf,WT201-88,24e12471512345bf,test,ClassC-OTAA,WT201,1,b8956637e8eef2e9257b3060ce0107bf,,,
24e12471512345c0,WT201-89,24e12471512345c0,test,ClassC-OTAA,WT201,1,52eb36984f774b61d46ddb3eb837ae84,,,
24e12471512345c1,WT201-90,24e12471512345c1,test,ClassC-OTAA,WT201,1,8bf3ad46316eb559312464141f3afaf2,,,
24e12471512345c2,WT201-91,24e12471512345c2,test,ClassC-OTAA,WT201,1,f6bf916cd40a0a9b2ef2aaf9afb7fdac,,,
24e12471512345c3,WT201-92,24e12471512345c3,test,ClassC-OTAA,WT201,1,27a47a98cd67683f382b787b90863af2,,,
24e12471512345c4,WT201-93,24e12471512345c4,test,ClassC-OTAA,WT201,1,96a48a817c50cd804ff290017a0be58e,,,
24e12471512345c5,WT201-94,24e12471512345c5,test,ClassC-OTAA,WT201,1,00eb99345bdfdbede7bad0fba5fb4055,,,
24e12471512345c6,WT201-95,24e12471512345c6,test,ClassC-OTAA,WT201,1,634c30e01967a85268e10325f15fa846,,,
24e12471512345c7,WT201-96,24e12471512345c7,test,ClassC-OTAA,WT201,1,8bc40682f565725c34468a2eadcd0db8,,,
24e12471512345c8,WT201-97,24e12471512345c8,test,ClassC-OTAA,WT201,1,22fa9f616297199fa214b1dbdc290a48,,,
24e12471512345c9,WT201-98,24e12471512345c9,test,ClassC-OTAA,WT201,1,b13c68dca22187250e8a5de0396fc3c9,,,
24e12471512345ca,WT201-99,24e12471512345ca,test,ClassC-OTAA,WT201,1,9feee0d4cbeac53915981cef94fa3524,,,
24e12471512345cb,WT201-100,24e12471512345cb,test,ClassC-OTAA,WT201,1,2289169c8292a2bc9aed112e8dad9349,,,
24e12471512345cc,WT201-101,24e12471512345cc,test,ClassC-OTAA,WT201,1,413c63ed019547cae37078f0b1038575,,,
24e12471512345cd,WT201-102,24e12471512345cd,test,ClassC-OTAA,WT201,1,7e695935e407f784a392434757e0a851,,,
24e12471512345ce,WT201-103,24e12471512345ce,test,ClassC-OTAA,WT201,1,a6b3dd8367e8e9933cad757d12106529,,,
24e12471512345cf,WT201-104,24e12471512345cf,test,ClassC-OTAA,WT201,1,59c2df1a873a1197ed9b9f003870e59c,,,
24e12471512345d0,WT201-105,24e12471512345d0,test,ClassC-OTAA,WT201,1,656bd85fcda895b14b92e424dc809b73,,,
24e12471512345d1,WT201-106,24e12471512345d1,test,ClassC-OTAA,WT201,1,729b70cdaff075443827671de6bf73da,,,
24e12471512345d2,WT201-107,24e12471512345d2,test,ClassC-OTAA,WT201,1,66ce2a2559b1972164b35a1cac68b29a,,,
24e12471512345d3,WT201-108,24e12471512345d3,test,ClassC-OTAA,WT201,1,d3f26fdb0995df3a324fa6ba1ef1e4e8,,,
24e12471512345d4,WT201-109,24e12471512345d4,test,ClassC-OTAA,WT201,1,1de5d87989f9dc4bc9039cf3e253e0a7,,,
24e12471512345d5,WT201-110,24e12471512345d5,test,ClassC-OTAA,WT201,1,b787b72f944304c91d6d1f51c5c5091d,,,
24e12471512345d6,WT201-111,24e12471512345d6,test,ClassC-OTAA,WT201,1,3615c15a8c423c4b2f6af8a681070e53,,,
24e12471512345d7,WT201-112,24e12471512345d7,test,ClassC-OTAA,WT201,1,295838724a2bfde3c404131b72924941,,,
24e12471512345d8,WT201-113,24e12471512345d8,test,ClassC-OTAA,WT201,1,da774d2fb83e3b1d3ae57e0b1930c675,,,
24e12471512345d9,WT201-114,24e12471512345d9,test,ClassC-OTAA,WT201,1,46909d557bfd6447046727292dc1ee0a,,,
24e12471512345da,WT201-115,24e12471512345da,test,ClassC-OTAA,WT201,1,7a598af42622c0b27398f8efd5003d6c,,,
24e12471512345db,WT201-116,24e12471512345db,test,ClassC-OTAA,WT201,1,2fee65bd0c9568a42c3ecf7880f88d40,,,
24e12471512345dc,WT201-117,24e12471512345dc,test,ClassC-OTAA,WT201,1,65ad58bbf432dd0380dee8768d78ba3a,,,
24e12471512345dd,WT201-118,24e12471512345dd,test,ClassC-OTAA,WT201,1,fefb9440b88c307605664096e5c09e38,,,
24e12471512345de,WT201-119,24e12471512345de,test,ClassC-OTAA,WT201,1,13cbe1612251a3ef34aa3a2c0ffe9510,,,
24e12471512345df,WT201-120,24e12471512345df,test,ClassC-OTAA,WT201,1,c2838376562c91abfb2b52ca3ed21919,,,
24e12471512345e0,WT201-121,24e12471512345e0,test,ClassC-OTAA,WT201,1,14cd0b466081b0e97a496db05b05859c,,,
24e12471512345e1,WT201-122,24e12471512345e1,test,ClassC-OTAA,WT201,1,8d626add0f2b325aa9447d7e42ced228,,,
24e12471512345e2,WT201-123,24e12471512345e2,test,ClassC-OTAA,WT201,1,9ab0a31fa9ac51b8298c5d3a3a852dca,,,
24e12471512345e3,WT201-124,24e12471512345e3,test,ClassC-OTAA,WT201,1,0c77edc6edfebcec7550dfacc65f9f7e,,,
24e12471512345e4,WT201-125,24e12471512345e4,test,ClassC-OTAA,WT201,1,995cd0e4a1d8f2ed5cbd91bd0e9e4c0a,,,
24e12471512345e5,WT201-126,24e12471512345e5,test,ClassC-OTAA,WT201,1,597dfde5eb387c85d7e9a942ea8cab0a,,,
24e12471512345e6,WT201-127,24e12471512345e6,test,ClassC-OTAA,WT201,1,b173eb3d8b032e5944ac910af3042f20,,,
24e12471512345e7,WT201-128,24e12471512345e7,test,ClassC-OTAA,WT201,1,454dfd81f9ed9131bf0b3cfd759ab918,,,
24e12471512345e8,WT201-129,24e12471512345e8,test,ClassC-OTAA,WT201,1,1cc1dee05014e61bb6939c893d9e137e,,,
24e12471512345e9,WT201-130,24e12471512345e9,test,ClassC-OTAA,WT201,1,31a9cddb30b41da68f360c7d06b12881,,,
24e12471512345ea,WT201-131,24e12471512345ea,test,ClassC-OTAA,WT201,1,c857cc2be36b01d850181f855be46d98,,,
24e12471512345eb,WT201-132,24e12471512345eb,test,ClassC-OTAA,WT201,1,d2ae3199bfbe1bcb4ec679ff79a0e2bc,,,
24e12471512345ec,WT201-133,24e12471512345ec,test,ClassC-OTAA,WT201,1,25148ce12d84c1d9c05589061a648c50,,,
24e12471512345ed,WT201-134,24e12471512345ed,test,ClassC-OTAA,WT201,1,ec6254a98b7fdc39496e806b4af9016c,,,
24e12471512345ee,WT201-135,24e12471512345ee,test,ClassC-OTAA,WT201,1,d590006efd0173bbfdbf8e01f14ac19d,,,
24e12471512345ef,WT201-136,24e12471512345ef,test,ClassC-OTAA,WT201,1,251622dff25ebfdce905ad9fa19fe127,,,
24e12471512345f0,WT201-137,24e12471512345f0,test,ClassC-OTAA,WT201,1,9dd090a6e4ea9b15bc8820c11b5cfa3b,,,
24e12471512345f1,WT201-138,24e12471512345f1,test,ClassC-OTAA,WT201,1,a20ccf4380661fcaf8143d7d58c9a643,,,
24e12471512345f2,WT201-139,24e12471512345f2,test,ClassC-OTAA,WT201,1,3d625bd4ecf97b138720db499c2abfd1,,,
24e12471512345f3,WT201-140,24e12471512345f3,test,ClassC-OTAA,WT201,1,f40fd8b4fcf715c1e2d89653183f6f46,,,
24e12471512345f4,WT201-141,24e12471512345f4,test,ClassC-OTAA,WT201,1,24913122f83cd10d6686676159af8da5,,,
24e12471512345f5,WT201-142,24e12471512345f5,test,ClassC-OTAA,WT201,1,8f3e8a215aee7e539366be3129316521,,,
24e12471512345f6,WT201-143,24e12471512345f6,test,ClassC-OTAA,WT201,1,70e3f2c9ea0b6abcfbb614110747aed8,,,
24e12471512345f7,WT201-144,24e12471512345f7,test,ClassC-OTAA,WT201,1,2e84184d9e31c09cef10bcde8769cf24,,,
24e12471512345f8,WT201-145,24e12471512345f8,test,ClassC-OTAA,WT201,1,6bd398b53fa5186803ea5958f6abb173,,,
24e12471512345f9,WT201-146,24e12471512345f9,test,ClassC-OTAA,WT201,1,5466a63bd32bfd8d4e83133275bfa5a7,,,
24e12471512345fa,WT201-147,24e12471512345fa,test,ClassC-OTAA,WT201,1,c4f607ad6dea2c8216803f04149efbfd,,,
24e12471512345fb,WT201-148,24e12471512345fb,test,ClassC-OTAA,WT201,1,d7801207c4d67925f19420cb54a2d117,,,
24e12471512345fc,WT201-149,24e12471512345fc,test,ClassC-OTAA,WT201,1,dcee5abee6a2764730648b5d2aa34d2c,,,
24e12471512345fd,WT201-150,24e12471512345fd,test,ClassC-OTAA,WT201,1,dd650cf068a203c327f175e39fbb7dd4,,,
24e12471512345fe,WT201-151,24e12471512345fe,test,ClassC-OTAA,WT201,1,2a8e283d2519c0fb4d285f8395b03390,,,
24e12471512345ff,WT201-152,24e12471512345ff,test,ClassC-OTAA,WT201,1,5daf0b889041fa4571506dbc2ff2b5ca,,,
24e1247151234600,WT201-153,24e1247151234600,test,ClassC-OTAA,WT201,1,1a78e766b775d949ea3f8d27782ebd68,,,
24e1247151234601,WT201-154,24e1247151234601,test,ClassC-OTAA,WT201,1,629ffa23662a9ef8c7d8a72fda1bb8af,,,
24e1247151234602,WT201-155,24e1247151234602,test,ClassC-OTAA,WT201,1,10ace4cb55effba0eca9422d360a6e65,,,
24e1247151234603,WT201-156,24e1247151234603,test,ClassC-OTAA,WT201,1,69177b367331f93e32b55a548e630a88,,,
24e1247151234604,WT201-157,24e1247151234604,test,ClassC-OTAA,WT201,1,8f4f90db411a5977f1cf024c1e170f26,,,
24e1247151234605,WT201-158,24e1247151234605,test,ClassC-OTAA,WT201,1,939954de6316976d5995a636e9e626d8,,,
24e1247151234606,WT201-159,24e1247151234606,test,ClassC-OTAA,WT201,1,86c0a64c899a2ca4f4b9a3009f540fac,,,
24e1247151234607,WT201-160,24e1247151234607,test,ClassC-OTAA,WT201,1,6b7de07b19aeb3e4ffe3b290e8bbcdc3,,,
24e1247151234608,WT201-161,24e1247151234608,test,ClassC-OTAA,WT201,1,2a5ca316e9016719477e1d966a4f6144,,,
24e1247151234609,WT201-162,24e1247151234609,test,ClassC-OTAA,WT201,1,2ece06561e2747861f60bef8e1ffbce7,,,
24e124715123460a,WT201-163,24e124715123460a,test,ClassC-OTAA,WT201,1,dea1d255690564f953bae638216ac9f0,,,
24e124715123460b,WT201-164,24e124715123460b,test,ClassC-OTAA,WT201,1,91472709fe683404f23e16cacf37ceb9,,,
24e124715123460c,WT201-165,24e124715123460c,test,ClassC-OTAA,WT201,1,bdfab2ed595ba546095c901e9faac73d,,,
24e124715123460d,WT201-166,24e124715123460d,test,ClassC-OTAA,WT201,1,ff3fa3430781ca36d1690a01358a9e39,,,
24e124715123460e,WT201-167,24e124715123460e,test,ClassC-OTAA,WT201,1,cebb9f9f0617e895b767bf04a1a76338,,,
24e124715123460f,WT201-168,24e124715123460f,test,ClassC-OTAA,WT201,1,ceafe92f6696396fec6ff69f4c2b343e,,,
24e1247151234610,WT201-169,24e1247151234610,test,ClassC-OTAA,WT201,1,e9e0757b12f41a3ef0621cd830a8fa22,,,
24e1247151234611,WT201-170,24e1247151234611,test,ClassC-OTAA,WT201,1,1c6c7785d65ab45b5d46088b72636099,,,
24e1247151234612,WT201-171,24e1247151234612,test,ClassC-OTAA,WT201,1,dc914ccc72945dbc2469c3bf2d36c009,,,
24e1247151234613,WT201-172,24e1247151234613,test,ClassC-OTAA,WT201,1,8803b86dc2e4d9bd3b726efc88ab780a,,,
24e1247151234614,WT201-173,24e1247151234614,test,ClassC-OTAA,WT201,1,3ef75b2b60fb076ec43bc17ec30bbd4a,,,
24e1247151234615,WT201-174,24e1247151234615,test,ClassC-OTAA,WT201,1,7090f132ed86733ab1d4cff88cd2b2e5,,,
24e1247151234616,WT201-175,24e1247151234616,test,ClassC-OTAA,WT201,1,644ebcca396f824a7c50b17ed8b5511e,,,
24e1247151234617,WT201-176,24e1247151234617,test,ClassC-OTAA,WT201,1,a05b1954c4f30102bda56aaede9dad0d,,,
24e1247151234618,WT201-177,24e1247151234618,test,ClassC-OTAA,WT201,1,a6d2c8020df007a4805687f52e08cd68,,,
24e1247151234619,WT201-178,24e1247151234619,test,ClassC-OTAA,WT201,1,14e3098be65d60bfdebdbcdb8c27fe84,,,
24e124715123461a,WT201-179,24e124715123461a,test,ClassC-OTAA,WT201,1,8ed1ae4f79675c50ac29a8b72b8216f0,,,
24e124715123461b,WT201-180,24e124715123461b,test,ClassC-OTAA,WT201,1,9cc2dbf9c42c79f04fdbdac16777222d,,,
24e124715123461c,WT201-181,24e124715123461c,test,ClassC-OTAA,WT201,1,04710eaab229218900d1a3c626959663,,,
24e124715123461d,WT201-182,24e124715123461d,test,ClassC-OTAA,WT201,1,ae39afcb0489fa0f25ad8142f09f1417,,,
24e124715123461e,WT201-183,24e124715123461e,test,ClassC-OTAA,WT201,1,b1e3390ab7c41ee1112bcf8d851f4651,,,
24e124715123461f,WT201-184,24e124715123461f,test,ClassC-OTAA,WT201,1,01847955899f4f032a64d20065befb4a,,,
24e1247151234620,WT201-185,24e1247151234620,test,ClassC-OTAA,WT201,1,4e3a309ff4674252296e0f3db26bcfba,,,
24e1247151234621,WT201-186,24e1247151234621,test,ClassC-OTAA,WT201,1,7b6627d7754e11ec2788bb2e60236556,,,
24e1247151234622,WT201-187,24e1247151234622,test,ClassC-OTAA,WT201,1,09752b9ab9bc3befa1af5cca5d416aac,,,
24e1247151234623,WT201-188,24e1247151234623,test,ClassC-OTAA,WT201,1,497f3f9630b5f22667549a7217b9a670,,,
24e1247151234624,WT201-189,24e1247151234624,test,ClassC-OTAA,WT201,1,d64136058c3a88b5c18981a2a2430698,,,
24e1247151234625,WT201-190,24e1247151234625,test,ClassC-OTAA,WT201,1,ac646724ea6ed127cbcd2a8bca60655b,,,
24e1247151234626,WT201-191,24e1247151234626,test,ClassC-OTAA,WT201,1,d26471b37fc2d5f891927c461075a851,,,
24e1247151234627,WT201-192,24e1247151234627,test,ClassC-OTAA,WT201,1,46d7e9682d6a702ab35d4bf572e0eecf,,,
24e1247151234628,WT201-193,24e1247151234628,test,ClassC-OTAA,WT201,1,866db1164b597556d79ac0b429b61b6b,,,
24e1247151234629,WT201-194,24e1247151234629,test,ClassC-OTAA,WT201,1,50f089dbbe0fc6dda58b92ad8a40e4c3,,,
24e124715123462a,WT201-195,24e124715123462a,test,ClassC-OTAA,WT201,1,d71246dad7d186b2063bbafdb4e36b0e,,,
24e124715123462b,WT201-196,24e124715123462b,test,ClassC-OTAA,WT201,1,e24490191115d6c3bff0268ecdf21234,,,
24e124715123462c,WT201-197,24e124715123462c,test,ClassC-OTAA,WT201,1,dae4c2f0c8a44d567ad81366c453a2be,,,
24e124715123462d,WT201-198,24e124715123462d,test,ClassC-OTAA,WT201,1,de2c26f0264444f64659593d5a091abc,,,
24e124715123462e,WT201-199,24e124715123462e,test,ClassC-OTAA,WT201,1,ad12cea82359d99bc65a3bc6c61dc58e,,,
24e124715123462f,WT201-200,24e124715123462f,test,ClassC-OTAA,WT201,1,c6aeae8d6467e8676567e66e6ca9425d,,,
24e1247151234630,WT201-201,24e1247151234630,test,ClassC-OTAA,WT201,1,63ea527b2da832984bba667d29440768,,,
24e1247151234631,WT201-202,24e1247151234631,test,ClassC-OTAA,WT201,1,3a0b3caecebc595d6878e4b6c1d866d2,,,
24e1247151234632,WT201-203,24e1247151234632,test,ClassC-OTAA,WT201,1,4970936e22576429be80f0516e471e66,,,
24e1247151234633,WT201-204,24e1247151234633,test,ClassC-OTAA,WT201,1,ec8d4d995403de4908bd4c12a5c3802e,,,
24e1247151234634,WT201-205,24e1247151234634,test,ClassC-OTAA,WT201,1,acaa97f5f6eef778063c5c82cca00b32,,,
24e1247151234635,WT201-206,24e1247151234635,test,ClassC-OTAA,WT201,1,244a2ab0c413b635e7d954568f4b64b2,,,
24e1247151234636,WT201-207,24e1247151234636,test,ClassC-OTAA,WT201,1,3056e89669bcb6fb098dff49dfee9c1e,,,
24e1247151234637,WT201-208,24e1247151234637,test,ClassC-OTAA,WT201,1,072efb3e3efb28641c9780aac889665b,,,
24e1247151234638,WT201-209,24e1247151234638,test,ClassC-OTAA,WT201,1,c8d6f1353bbfcc73a01c9d6fe6f8d43d,,,
24e1247151234639,WT201-210,24e1247151234639,test,ClassC-OTAA,WT201,1,74d8b0c805d7c25719cfd70263ee8094,,,
24e124715123463a,WT201-211,24e124715123463a,test,ClassC-OTAA,WT201,1,0799c885f0f49d1101cc9ac81e1526a8,,,
24e124715123463b,WT201-212,24e124715123463b,test,ClassC-OTAA,WT201,1,4655e80e124d15e6fa784d2c07e02a1b,,,
24e124715123463c,WT201-213,24e124715123463c,test,ClassC-OTAA,WT201,1,6e002ed6d887333ef29c9e29a502ba9e,,,
24e124715123463d,WT201-214,24e124715123463d,test,ClassC-OTAA,WT201,1,433234a6e79bcad4a2c779435e5469b3,,,
24e124715123463e,WT201-215,24e124715123463e,test,ClassC-OTAA,WT201,1,1f865c91d100d76a839f999e9dfb90e7,,,
24e124715123463f,WT201-216,24e124715123463f,test,ClassC-OTAA,WT201,1,147d045e55130cffa56d7ef1e8232172,,,
24e1247151234640,WT201-217,24e1247151234640,test,ClassC-OTAA,WT201,1,aee38030525315c234aea997839e32ff,,,
24e1247151234641,WT201-218,24e1247151234641,test,ClassC-OTAA,WT201,1,fa13dcc159d719c6ecf77f69efa6b0a5,,,
24e1247151234642,WT201-219,24e1247151234642,test,ClassC-OTAA,WT201,1,c51e19aca975aab45601b9d42f28f5b5,,,
24e1247151234643,WT201-220,24e1247151234643,test,ClassC-OTAA,WT201,1,f9542cd9fd84e4e1026ce4c2fbd99dde,,,
24e1247151234644,WT201-221,24e1247151234644,test,ClassC-OTAA,WT201,1,c47266661f9902040ffeab5a69c37dd9,,,
24e1247151234645,WT201-222,24e1247151234645,test,ClassC-OTAA,WT201,1,31ddc3cca4d8be68505371941e3253d4,,,
24e1247151234646,WT201-223,24e1247151234646,test,ClassC-OTAA,WT201,1,9c8deb00f197b6a6d462d953b59ad3fb,,,
24e1247151234647,WT201-224,24e1247151234647,test,ClassC-OTAA,WT201,1,39baa0427534e2098e0bcee0a9f25407,,,
24e1247151234648,WT201-225,24e1247151234648,test,ClassC-OTAA,WT201,1,cbb4eeec5592497e8669d152c64029a0,,,
24e1247151234649,WT201-226,24e1247151234649,test,ClassC-OTAA,WT201,1,573e29e78544863bf74a100dd9808cfd,,,
24e124715123464a,WT201-227,24e124715123464a,test,ClassC-OTAA,WT201,1,bd0e398975f46dc61de52a4ae4f556d3,,,
24e124715123464b,WT201-228,24e124715123464b,test,ClassC-OTAA,WT201,1,73c7805a0bfd8038b15ce7df2131f9ce,,,
24e124715123464c,WT201-229,24e124715123464c,test,ClassC-OTAA,WT201,1,e97bde2e60e2597990303584f9597a49,,,
24e124715123464d,WT201-230,24e124715123464d,test,ClassC-OTAA,WT201,1,11c84afcd4e102ad47ac1d50ce7c7b12,,,
24e124715123464e,WT201-231,24e124715123464e,test,ClassC-OTAA,WT201,1,4143d20ede764ef5e91c1a24aeb35920,,,
24e124715123464f,WT201-232,24e124715123464f,test,ClassC-OTAA,WT201,1,faae7559667db5663416e9925135f25f,,,
24e1247151234650,WT201-233,24e1247151234650,test,ClassC-OTAA,WT201,1,b5f780c626057f1b783b8ec1ae037d74,,,
24e1247151234651,WT201-234,24e1247151234651,test,ClassC-OTAA,WT201,1,5fb8ead920dd51a91f773ccaea2c9808,,,
24e1247151234652,WT201-235,24e1247151234652,test,ClassC-OTAA,WT201,1,9d4f63717989f5816aac496397efd515,,,
24e1247151234653,WT201-236,24e1247151234653,test,ClassC-OTAA,WT201,1,b22e62eb75cd2d20172a51aaf4af9d43,,,
24e1247151234654,WT201-237,24e1247151234654,test,ClassC-OTAA,WT201,1,f585e704220cd55a910ac15ea97bedfe,,,
24e1247151234655,WT201-238,24e1247151234655,test,ClassC-OTAA,WT201,1,06145c7e549f178c24edb305efb46cac,,,
24e1247151234656,WT201-239,24e1247151234656,test,ClassC-OTAA,WT201,1,225e4dd2a2f59cf8e85b129be921244a,,,
24e1247151234657,WT201-240,24e1247151234657,test,ClassC-OTAA,WT201,1,d0408d279fcc2b1be49e40ffbefce8af,,,
24e1247151234658,WT201-241,24e1247151234658,test,ClassC-OTAA,WT201,1,bde88dda14455aa72f72f557c0b08060,,,
24e1247151234659,WT201-242,24e1247151234659,test,ClassC-OTAA,WT201,1,250fa282576e1faad0f87afa8d44a3a7,,,
24e124715123465a,WT201-243,24e124715123465a,test,ClassC-OTAA,WT201,1,db06f77be43a92626b6bd616bb7db37e,,,
24e124715123465b,WT201-244,24e124715123465b,test,ClassC-OTAA,WT201,1,c9d014c1310dbcda7c79f51020417d19,,,
24e124715123465c,WT201-245,24e124715123465c,test,ClassC-OTAA,WT201,1,e95352c5264c5b2f23ad99afe16ec3ad,,,
24e124715123465d,WT201-246,24e124715123465d,test,ClassC-OTAA,WT201,1,8bde8221b4791c4f634db1a810f68131,,,
24e124715123465e,WT201-247,24e124715123465e,test,ClassC-OTAA,WT201,1,088a0cd022a7937684f2ececc29feb7f,,,
24e124715123465f,WT201-248,24e124715123465f,test,ClassC-OTAA,WT201,1,b8d4e6b1446916d6c96cd5d5c51d95a1,,,
24e1247151234660,WT201-249,24e1247151234660,test,ClassC-OTAA,WT201,1,861382a24dcbfe2defc03b1ef9010b15,,,
24e1247151234661,WT201-250,24e1247151234661,test,ClassC-OTAA,WT201,1,1ecf35aac6fb16674b5dddb627549652,,,
24e1247151234662,WT201-251,24e1247151234662,test,ClassC-OTAA,WT201,1,bd23b473921a8bd05432c9432180d770,,,
24e1247151234663,WT201-252,24e1247151234663,test,ClassC-OTAA,WT201,1,6b69ba350e21df901fcf3e5db61c3828,,,
24e1247151234664,WT201-253,24e1247151234664,test,ClassC-OTAA,WT201,1,450184ce918cd941649a43092eaef59d,,,
24e1247151234665,WT201-254,24e1247151234665,test,ClassC-OTAA,WT201,1,9675433b5cc539f249c2e5b297c40973,,,
24e1247151234666,WT201-255,24e1247151234666,test,ClassC-OTAA,WT201,1,8af66cd70c50633017a441f60dea09e6,,,
24e1247151234667,WT201-256,24e1247151234667,test,ClassC-OTAA,WT201,1,c7b877fa3e35dddf221e400c4e3fe798,,,
24e1247151234668,WT201-257,24e1247151234668,test,ClassC-OTAA,WT201,1,707e96000e4da3247011623585774227,,,
24e1247151234669,WT201-258,24e1247151234669,test,ClassC-OTAA,WT201,1,75e72dfddaa11bccbefd2fd46c626539,,,
24e124715123466a,WT201-259,24e124715123466a,test,ClassC-OTAA,WT201,1,9edc47c18c6f2c5253c77720d1482c8a,,,
24e124715123466b,WT201-260,24e124715123466b,test,ClassC-OTAA,WT201,1,faf1a6759b42bd202925cfa14945649d,,,
24e124715123466c,WT201-261,24e124715123466c,test,ClassC-OTAA,WT201,1,8a0520999496c1db52fa7253b790c74f,,,
24e124715123466d,WT201-262,24e124715123466d,test,ClassC-OTAA,WT201,1,aa4e8acac47b2c31d9be1a331b3752f0,,,
24e124715123466e,WT201-263,24e124715123466e,test,ClassC-OTAA,WT201,1,7b4ec8f7f460e4d9729a60232e1bb25f,,,
24e124715123466f,WT201-264,24e124715123466f,test,ClassC-OTAA,WT201,1,4346e63a9fc85183652a687ba012ab11,,,
24e1247151234670,WT201-265,24e1247151234670,test,ClassC-OTAA,WT201,1,a049bfcc0e3dbc7480b07f4361b3c058,,,
24e1247151234671,WT201-266,24e1247151234671,test,ClassC-OTAA,WT201,1,0657902f2724d6dfa9926dade7157645,,,
24e1247151234672,WT201-267,24e1247151234672,test,ClassC-OTAA,WT201,1,9bee3dcb1bd2de62bbeb24e2bfde6023,,,
24e1247151234673,WT201-268,24e1247151234673,test,ClassC-OTAA,WT201,1,e457e1b844e2fd444b494e076a9dc2ba,,,
24e1247151234674,WT201-269,24e1247151234674,test,ClassC-OTAA,WT201,1,1f99336f6c2892689bf47dae8eeb503e,,,
24e1247151234675,WT201-270,24e1247151234675,test,ClassC-OTAA,WT201,1,95ae8137215f3d0f3f9d9abfcc1fc833,,,
24e1247151234676,WT201-271,24e1247151234676,test,ClassC-OTAA,WT201,1,084bf5f8a3fe6290b09a9cbc2815f927,,,
24e1247151234677,WT201-272,24e1247151234677,test,ClassC-OTAA,WT201,1,5fee3170f802ef3e5bfb8f66409632aa,,,
24e1247151234678,WT201-273,24e1247151234678,test,ClassC-OTAA,WT201,1,45aaf68b60a382047c61289e8e7524ab,,,
24e1247151234679,WT201-274,24e1247151234679,test,ClassC-OTAA,WT201,1,711718c5504bc0739a378460a605157b,,,
24e124715123467a,WT201-275,24e124715123467a,test,ClassC-OTAA,WT201,1,31ff1b8445572a783656a10e66880d58,,,
24e124715123467b,WT201-276,24e124715123467b,test,ClassC-OTAA,WT201,1,202ce342f1d4f2c68fdb676a04915d02,,,
24e124715123467c,WT201-277,24e124715123467c,test,ClassC-OTAA,WT201,1,45445c757e3b1243091bdc9419dd0ea0,,,
24e124715123467d,WT201-278,24e124715123467d,test,ClassC-OTAA,WT201,1,8fd5ce798f2226403d5bbba3beee54e9,,,
24e124715123467e,WT201-279,24e124715123467e,test,ClassC-OTAA,WT201,1,6c5d9f90753397d0954433a5597a9461,,,
24e124715123467f,WT201-280,24e124715123467f,test,ClassC-OTAA,WT201,1,c0e6ef1ffe524f4e0b6103b280adb6be,,,
24e1247151234680,WT201-281,24e1247151234680,test,ClassC-OTAA,WT201,1,65a8bb66fb1195410a999cd207f75342,,,
24e1247151234681,WT201-282,24e1247151234681,test,ClassC-OTAA,WT201,1,981352757b1cf86b6a39fe418821641c,,,
24e1247151234682,WT201-283,24e1247151234682,test,ClassC-OTAA,WT201,1,505e25e2a606b4a4fc216c58f402ff2c,,,
24e1247151234683,WT201-284,24e1247151234683,test,ClassC-OTAA,WT201,1,89bbbd169bd12d43c0273744af5564b3,,,
24e1247151234684,WT201-285,24e1247151234684,test,ClassC-OTAA,WT201,1,87dee753047dc4a1f38a4ca3e3e0e95b,,,
24e1247151234685,WT201-286,24e1247151234685,test,ClassC-OTAA,WT201,1,9eee1abfd3bea0041f403960d3694f29,,,
24e1247151234686,WT201-287,24e1247151234686,test,ClassC-OTAA,WT201,1,f8a0cc2768c8dbfc06265011cc763800,,,
24e1247151234687,WT201-288,24e1247151234687,test,ClassC-OTAA,WT201,1,7185a2dd2e21ab7ed73aab32fa728cd3,,,
24e1247151234688,WT201-289,24e1247151234688,test,ClassC-OTAA,WT201,1,b6d379497321f137f6d5ba74bf3ed15c,,,
24e1247151234689,WT201-290,24e1247151234689,test,ClassC-OTAA,WT201,1,f880075877e096ea57a605b30a8ac60e,,,
24e124715123468a,WT201-291,24e124715123468a,test,ClassC-OTAA,WT201,1,3e0f4ec0c83c4f6313c76813df32f486,,,
24e124715123468b,WT201-292,24e124715123468b,test,ClassC-OTAA,WT201,1,3e9bfae10de120bce5113a61948cf7e9,,,
24e124715123468c,WT201-293,24e124715123468c,test,ClassC-OTAA,WT201,1,014e351d8364d1420589fd8c9468b4fb,,,
24e124715123468d,WT201-294,24e124715123468d,test,ClassC-OTAA,WT201,1,8a86c21dad7db50483d73f4112323376,,,
24e124715123468e,WT201-295,24e124715123468e,test,ClassC-OTAA,WT201,1,77d6f1790d2a4a57a87bdf1a1fae5263,,,
24e124715123468f,WT201-296,24e124715123468f,test,ClassC-OTAA,WT201,1,fd740ba56e38c47f02358d2b40890e9f,,,
24e1247151234690,WT201-297,24e1247151234690,test,ClassC-OTAA,WT201,1,9a9d585743ed56c2d26c82963214c384,,,
24e1247151234691,WT201-298,24e1247151234691,test,ClassC-OTAA,WT201,1,7f004d5d0539c9df55eea7a4e9e7a87a,,,
24e1247151234692,WT201-299,24e1247151234692,test,ClassC-OTAA,WT201,1,2a15afd12380f144d7c26513a9e02911,,,
24e1247151234693,WT201-300,24e1247151234693,test,ClassC-OTAA,WT201,1,fa2174da92752feb8fc92e464569c0b3,,,
24e1247151234694,WT201-301,24e1247151234694,test,ClassC-OTAA,WT201,1,773244699bfd7231f74e62449d61b32c,,,
24e1247151234695,WT201-302,24e1247151234695,test,ClassC-OTAA,WT201,1,80cef99be628bc0483e716c76569a9e4,,,
24e1247151234696,WT201-303,24e1247151234696,test,ClassC-OTAA,WT201,1,967e4c8965f2f32b160d81a300e3f2c5,,,
24e1247151234697,WT201-304,24e1247151234697,test,ClassC-OTAA,WT201,1,d3c6ba3fc81f68a3403c11b7a91df86e,,,
24e1247151234698,WT201-305,24e1247151234698,test,ClassC-OTAA,WT201,1,bf74816ef66d351f8cc57c6da4cd479c,,,
24e1247151234699,WT201-306,24e1247151234699,test,ClassC-OTAA,WT201,1,83ea565131ac2a66a565da71c64e0481,,,
24e124715123469a,WT201-307,24e124715123469a,test,ClassC-OTAA,WT201,1,f0e68d689a6789141ea3d94266fe0385,,,
24e124715123469b,WT201-308,24e124715123469b,test,ClassC-OTAA,WT201,1,1494439c6252dfd3671d6ffb41205c41,,,
24e124715123469c,WT201-309,24e124715123469c,test,ClassC-OTAA,WT201,1,288fe4046a9ab17dee2a10c7b3e6cdfc,,,
24e124715123469d,WT201-310,24e124715123469d,test,ClassC-OTAA,WT201,1,4a29c8392399b5ba854529ade3b5ee35,,,
24e124715123469e,WT201-311,24e124715123469e,test,ClassC-OTAA,WT201,1,97763718e9b31cd995fe3d37456e435a,,,
24e124715123469f,WT201-312,24e124715123469f,test,ClassC-OTAA,WT201,1,522e323c02448a7ae63f6deb2a28cb94,,,
24e12471512346a0,WT201-313,24e12471512346a0,test,ClassC-OTAA,WT201,1,dac5927f2ea3142aa4c6d90df5f226b2,,,
24e12471512346a1,WT201-314,24e12471512346a1,test,ClassC-OTAA,WT201,1,491c60417ab116b74011642e0ca98fae,,,
24e12471512346a2,WT201-315,24e12471512346a2,test,ClassC-OTAA,WT201,1,c86cbe1a1b849208c534a5282f154ade,,,
24e12471512346a3,WT201-316,24e12471512346a3,test,ClassC-OTAA,WT201,1,5a57aaac564f9e3acfd7402e54a8964d,,,
24e12471512346a4,WT201-317,24e12471512346a4,test,ClassC-OTAA,WT201,1,48f443b0e075140c59463f96b18316b8,,,
24e12471512346a5,WT201-318,24e12471512346a5,test,ClassC-OTAA,WT201,1,fe3f68417e88443091d788eeea904ea8,,,
24e12471512346a6,WT201-319,24e12471512346a6,test,ClassC-OTAA,WT201,1,40ba6c9b0d6f1d90592b82b155769269,,,
24e12471512346a7,WT201-320,24e12471512346a7,test,ClassC-OTAA,WT201,1,8ac723355d6638cb6105b765de3fe031,,,
24e12471512346a8,WT201-321,24e12471512346a8,test,ClassC-OTAA,WT201,1,3c972fb1d7fb5dc0fd25b079352618b9,,,
24e12471512346a9,WT201-322,24e12471512346a9,test,ClassC-OTAA,WT201,1,c1a0f3285430bf332e90833706ad5ba9,,,
24e12471512346aa,WT201-323,24e12471512346aa,test,ClassC-OTAA,WT201,1,39368d1edbb809396cfd97becb0b6bbc,,,
24e12471512346ab,WT201-324,24e12471512346ab,test,ClassC-OTAA,WT201,1,71957c753c4bbed15a372ab75aef9358,,,
24e12471512346ac,WT201-325,24e12471512346ac,test,ClassC-OTAA,WT201,1,b9e50191c8b40bd5c4782d36af901b1c,,,
24e12471512346ad,WT201-326,24e12471512346ad,test,ClassC-OTAA,WT201,1,9ff7bba34a6f879edd6a2b2d10362849,,,
24e12471512346ae,WT201-327,24e12471512346ae,test,ClassC-OTAA,WT201,1,1712b8e47d0fac0b96fc95c043a517a8,,,
24e12471512346af,WT201-328,24e12471512346af,test,ClassC-OTAA,WT201,1,5297ef2198c3e13089eda1b1004cb37c,,,
24e12471512346b0,WT201-329,24e12471512346b0,test,ClassC-OTAA,WT201,1,1159969fad56721544d8585a08350db8,,,
24e12471512346b1,WT201-330,24e12471512346b1,test,ClassC-OTAA,WT201,1,870f3e3f9b3c6192e5f78a90373d7e07,,,
24e12471512346b2,WT201-331,24e12471512346b2,test,ClassC-OTAA,WT201,1,126a5dc032c8f57193d6cd67d2f8cb17,,,
24e12471512346b3,WT201-332,24e12471512346b3,test,ClassC-OTAA,WT201,1,0a9a297e7ff46a516321473e3fca132e,,,
24e12471512346b4,WT201-333,24e12471512346b4,test,ClassC-OTAA,WT201,1,d3057ce6935e9ccc7314541548a53030,,,
24e12471512346b5,WT201-334,24e12471512346b5,test,ClassC-OTAA,WT201,1,3210fda95a754a7979270b32296f8d9f,,,
24e12471512346b6,WT201-335,24e12471512346b6,test,ClassC-OTAA,WT201,1,1ecbae8a4bebc39195cbfde5bbd389e5,,,
24e12471512346b7,WT201-336,24e12471512346b7,test,ClassC-OTAA,WT201,1,149883ab2b913ce5479e3a0a9a4e4961,,,
24e12471512346b8,WT201-337,24e12471512346b8,test,ClassC-OTAA,WT201,1,31616a25f32c14fc40b5d8bcd3750bf2,,,
24e12471512346b9,WT201-338,24e12471512346b9,test,ClassC-OTAA,WT201,1,56001abb15163e2ca2343f0cbd0ebfda,,,
24e12471512346ba,WT201-339,24e12471512346ba,test,ClassC-OTAA,WT201,1,4aa8952e6f41b47b5a0f81c91d2bb3ff,,,
24e12471512346bb,WT201-340,24e12471512346bb,test,ClassC-OTAA,WT201,1,608b6fb3071cc0f1396991ad59024433,,,
24e12471512346bc,WT201-341,24e12471512346bc,test,ClassC-OTAA,WT201,1,6e43c6291cacfd96b05c98444139dc2f,,,
24e12471512346bd,WT201-342,24e12471512346bd,test,ClassC-OTAA,WT201,1,275543457178fb09c51d0604e414d988,,,
24e12471512346be,WT201-343,24e12471512346be,test,ClassC-OTAA,WT201,1,a696c5fc546d3558dec0a17d4c696088,,,
24e12471512346bf,WT201-344,24e12471512346bf,test,ClassC-OTAA,WT201,1,5f24290d01677792bb8946ae28aeb35c,,,
24e12471512346c0,WT201-345,24e12471512346c0,test,ClassC-OTAA,WT201,1,d7ecc2ef16bc2ef11cdd491e1755bc16,,,
24e12471512346c1,WT201-346,24e12471512346c1,test,ClassC-OTAA,WT201,1,acd1ef7ef99ea40a28dcdb02a080a1a5,,,
24e12471512346c2,WT201-347,24e12471512346c2,test,ClassC-OTAA,WT201,1,a53e2b667b654d3e398a155a9efd803c,,,
24e12471512346c3,WT201-348,24e12471512346c3,test,ClassC-OTAA,WT201,1,68b06c006cf1814e5af4a3d51661b5d2,,,
24e12471512346c4,WT201-349,24e12471512346c4,test,ClassC-OTAA,WT201,1,da232763762f38dbdcd572347d422f52,,,
24e12471512346c5,WT201-350,24e12471512346c5,test,ClassC-OTAA,WT201,1,e97bf7fdb7677f0071da2410dcd18f13,,,
24e12471512346c6,WT201-351,24e12471512346c6,test,ClassC-OTAA,WT201,1,5816ed36eb447529e5ca10ba7b724b79,,,
24e12471512346c7,WT201-352,24e12471512346c7,test,ClassC-OTAA,WT201,1,8cec1d0c30f0f21e7c7219e94378e8a5,,,
24e12471512346c8,WT201-353,24e12471512346c8,test,ClassC-OTAA,WT201,1,cd1046f68bc40514c052081cd9bc4188,,,
24e12471512346c9,WT201-354,24e12471512346c9,test,ClassC-OTAA,WT201,1,25c952187bac3af4a949b90ea27495a5,,,
24e12471512346ca,WT201-355,24e12471512346ca,test,ClassC-OTAA,WT201,1,1f9eac2dd84c53a1d87c9f1eeed55c61,,,
24e12471512346cb,WT201-356,24e12471512346cb,test,ClassC-OTAA,WT201,1,a77bd2c2fc46835b1a378469d52662e8,,,
24e12471512346cc,WT201-357,24e12471512346cc,test,ClassC-OTAA,WT201,1,60a58f17cc8acaac5cb7c3b9c16bc78f,,,
24e12471512346cd,WT201-358,24e12471512346cd,test,ClassC-OTAA,WT201,1,2939261ae7aeeba949d4830e3a03c32c,,,
24e12471512346ce,WT201-359,24e12471512346ce,test,ClassC-OTAA,WT201,1,e30bc56b10f5e3583c889bf8d046741c,,,
24e12471512346cf,WT201-360,24e12471512346cf,test,ClassC-OTAA,WT201,1,9b8b1877eb303306dabc9597a8936330,,,
24e12471512346d0,WT201-361,24e12471512346d0,test,ClassC-OTAA,WT201,1,c5cdb5fbd3fc3fe2c198ec2758582bbb,,,
24e12471512346d1,WT201-362,24e12471512346d1,test,ClassC-OTAA,WT201,1,a9ec573a9365ac0cd762aa2fb56cd029,,,
24e12471512346d2,WT201-363,24e12471512346d2,test,ClassC-OTAA,WT201,1,9edb6db09d7b43a5d8ec4d3589a2984b,,,
24e12471512346d3,WT201-364,24e12471512346d3,test,ClassC-OTAA,WT201,1,5dfc316e3666052b401af1fb78c79a37,,,
24e12471512346d4,WT201-365,24e12471512346d4,test,ClassC-OTAA,WT201,1,88c6afd075a13a88ba4c1e2e23c476c4,,,
24e12471512346d5,WT201-366,24e12471512346d5,test,ClassC-OTAA,WT201,1,cd4548d15dbe34ee0acea019fe59abc0,,,
24e12471512346d6,WT201-367,24e12471512346d6,test,ClassC-OTAA,WT201,1,b1335b4d8d54adce7968b82fe919086f,,,
24e12471512346d7,WT201-368,24e12471512346d7,test,ClassC-OTAA,WT201,1,28c1573f5e0229f313044fc5ec9a5c30,,,
24e12471512346d8,WT201-369,24e12471512346d8,test,ClassC-OTAA,WT201,1,bb80f97c31f466ff9e3de4b7b9d4dca4,,,
24e12471512346d9,WT201-370,24e12471512346d9,test,ClassC-OTAA,WT201,1,6dc878358b4ed19b2a96ad781a6dc6be,,,
24e12471512346da,WT201-371,24e12471512346da,test,ClassC-OTAA,WT201,1,901376c4581f85c84e37e9599968347a,,,
24e12471512346db,WT201-372,24e12471512346db,test,ClassC-OTAA,WT201,1,6a3d63546ffa080b830926b8208014f9,,,
24e12471512346dc,WT201-373,24e12471512346dc,test,ClassC-OTAA,WT201,1,d94a3743933a65967aac755808539370,,,
24e12471512346dd,WT201-374,24e12471512346dd,test,ClassC-OTAA,WT201,1,349aced4b907b2c130fba98512570c26,,,
24e12471512346de,WT201-375,24e12471512346de,test,ClassC-OTAA,WT201,1,aa3b92dc8390a76b011b2d1cccae97ba,,,
24e12471512346df,WT201-376,24e12471512346df,test,ClassC-OTAA,WT201,1,47d759445b99d5d273b822023664b87a,,,
24e12471512346e0,WT201-377,24e12471512346e0,test,ClassC-OTAA,WT201,1,0180bd6257a3888c40d1a3311a500c77,,,
24e12471512346e1,WT201-378,24e12471512346e1,test,ClassC-OTAA,WT201,1,f7350e1633ac709811576ed62bb0c40d,,,
24e12471512346e2,WT201-379,24e12471512346e2,test,ClassC-OTAA,WT201,1,4521ca90b0e635c9614d390ab5e9d5b7,,,
24e12471512346e3,WT201-380,24e12471512346e3,test,ClassC-OTAA,WT201,1,4b9268ce2e8cfcfb0512f11c7b72c495,,,
24e12471512346e4,WT201-381,24e12471512346e4,test,ClassC-OTAA,WT201,1,4284d773b70d3bc387c47ac0fdfee0f2,,,
24e12471512346e5,WT201-382,24e12471512346e5,test,ClassC-OTAA,WT201,1,ee456c54c3bfa958be744048176560d1,,,
24e12471512346e6,WT201-383,24e12471512346e6,test,ClassC-OTAA,WT201,1,95e7cc1f4272b3a495f0b525373bcc80,,,
24e12471512346e7,WT201-384,24e12471512346e7,test,ClassC-OTAA,WT201,1,437b54e2fd4efb5dd2115617f88831c9,,,
24e12471512346e8,WT201-385,24e12471512346e8,test,ClassC-OTAA,WT201,1,9e4770e122ed27ed39c597c6df559fba,,,
24e12471512346e9,WT201-386,24e12471512346e9,test,ClassC-OTAA,WT201,1,0e7cbbae31c48443e46a252691433349,,,
24e12471512346ea,WT201-387,24e12471512346ea,test,ClassC-OTAA,WT201,1,035dbb5d190f61fc71dc9c7dbdfcf0b6,,,
24e12471512346eb,WT201-388,24e12471512346eb,test,ClassC-OTAA,WT201,1,3d429bd98819b1443ce5397250d67070,,,
24e12471512346ec,WT201-389,24e12471512346ec,test,ClassC-OTAA,WT201,1,f6f520c6807bee9f62922e71c6e807ca,,,
24e12471512346ed,WT201-390,24e12471512346ed,test,ClassC-OTAA,WT201,1,6e66b4388c7b8e07105b73cbf9570e05,,,
24e12471512346ee,WT201-391,24e12471512346ee,test,ClassC-OTAA,WT201,1,97f308c587fc871473d22e760d2425bd,,,
24e12471512346ef,WT201-392,24e12471512346ef,test,ClassC-OTAA,WT201,1,78fa7bb7636a24d4df499ba58ff24fe7,,,
24e12471512346f0,WT201-393,24e12471512346f0,test,ClassC-OTAA,WT201,1,1ff665944224a914b327d37811506daf,,,
24e12471512346f1,WT201-394,24e12471512346f1,test,ClassC-OTAA,WT201,1,715f9810d1b2c87eb1ee33081cb247ec,,,
24e12471512346f2,WT201-395,24e12471512346f2,test,ClassC-OTAA,WT201,1,5f4e74fbc9169a2420af7e975c1746f0,,,
24e12471512346f3,WT201-396,24e12471512346f3,test,ClassC-OTAA,WT201,1,1b0064c1e79a41d6cc0e0f0c34fa9e98,,,
24e12471512346f4,WT201-397,24e12471512346f4,test,ClassC-OTAA,WT201,1,9c73d91bc24a5543898f271c10345dea,,,
24e12471512346f5,WT201-398,24e12471512346f5,test,ClassC-OTAA,WT201,1,e2bde4a83174dcd3c444ba67ade7eec2,,,
24e12471512346f6,WT201-399,24e12471512346f6,test,ClassC-OTAA,WT201,1,88347ee44a3b6c50217f7ff791904db7,,,
24e12471512346f7,WT201-400,24e12471512346f7,test,ClassC-OTAA,WT201,1,825cfadf65b39a43dae09f592a03b6c2,,,
24e12471512346f8,WT201-401,24e12471512346f8,test,ClassC-OTAA,WT201,1,a26a948ecf98ad2c15f79b4569c1cffa,,,
24e12471512346f9,WT201-402,24e12471512346f9,test,ClassC-OTAA,WT201,1,901f7998cc7262a61c26649d2fb5b9ef,,,
24e12471512346fa,WT201-403,24e12471512346fa,test,ClassC-OTAA,WT201,1,884874b4d55d4fed8e1848acbfa61503,,,
24e12471512346fb,WT201-404,24e12471512346fb,test,ClassC-OTAA,WT201,1,1d14f1833fcdbff9917b59d0d7ae6246,,,
24e12471512346fc,WT201-405,24e12471512346fc,test,ClassC-OTAA,WT201,1,30a9b6aa77b1e8db43baac9799555373,,,
24e12471512346fd,WT201-406,24e12471512346fd,test,ClassC-OTAA,WT201,1,da930ab0aaec806ece38a07f4f2fc752,,,
24e12471512346fe,WT201-407,24e12471512346fe,test,ClassC-OTAA,WT201,1,466f0573ff34af59071b025c43085c4e,,,
24e12471512346ff,WT201-408,24e12471512346ff,test,ClassC-OTAA,WT201,1,9a0f7574211a200ae45a649a50432a12,,,
24e1247151234700,WT201-409,24e1247151234700,test,ClassC-OTAA,WT201,1,528c2c5fe90f54725403db857dfa0760,,,
24e1247151234701,WT201-410,24e1247151234701,test,ClassC-OTAA,WT201,1,6ee51926ad97dc0866f798b3ec1696f4,,,
24e1247151234702,WT201-411,24e1247151234702,test,ClassC-OTAA,WT201,1,525a383615389360a0a3eb7091757768,,,
24e1247151234703,WT201-412,24e1247151234703,test,ClassC-OTAA,WT201,1,36d23a00c480c5cd3eb6474db365ead1,,,
24e1247151234704,WT201-413,24e1247151234704,test,ClassC-OTAA,WT201,1,c7bd4c4294ad2d303c334d912367c1db,,,
24e1247151234705,WT201-414,24e1247151234705,test,ClassC-OTAA,WT201,1,e7b9e02c62ab0f04f72ebc10cb953395,,,
24e1247151234706,WT201-415,24e1247151234706,test,ClassC-OTAA,WT201,1,92392cbcb241b89f1047c7a869079403,,,
24e1247151234707,WT201-416,24e1247151234707,test,ClassC-OTAA,WT201,1,1997d45327338597f5e55da50865e8e9,,,
24e1247151234708,WT201-417,24e1247151234708,test,ClassC-OTAA,WT201,1,235a84d5cdd28b78463648f798a8e020,,,
24e1247151234709,WT201-418,24e1247151234709,test,ClassC-OTAA,WT201,1,9afeb5a72a9c456afefeb4ba41626905,,,
24e124715123470a,WT201-419,24e124715123470a,test,ClassC-OTAA,WT201,1,03342c74d70dd5e236feba83f04b9886,,,
24e124715123470b,WT201-420,24e124715123470b,test,ClassC-OTAA,WT201,1,b1fe0025ebb5f7eb40222827412a0718,,,
24e124715123470c,WT201-421,24e124715123470c,test,ClassC-OTAA,WT201,1,3d34f755eb45f7c2a0907bad497cd529,,,
24e124715123470d,WT201-422,24e124715123470d,test,ClassC-OTAA,WT201,1,b391681d3d33a5cee5dc337294e434f0,,,
24e124715123470e,WT201-423,24e124715123470e,test,ClassC-OTAA,WT201,1,237ce52a5ab5eabe81e00abf73375b06,,,
24e124715123470f,WT201-424,24e124715123470f,test,ClassC-OTAA,WT201,1,b170732dd0f6d392fe438290b57f76a1,,,
24e1247151234710,WT201-425,24e1247151234710,test,ClassC-OTAA,WT201,1,9f7ea3572cfbddaa5bb3839a37931822,,,
24e1247151234711,WT201-426,24e1247151234711,test,ClassC-OTAA,WT201,1,277de8c6f208d2ef351bb23fbeadaa3a,,,
24e1247151234712,WT201-427,24e1247151234712,test,ClassC-OTAA,WT201,1,1feed7c62184c65e6be15471b1f6e869,,,
24e1247151234713,WT201-428,24e1247151234713,test,ClassC-OTAA,WT201,1,2510b00025a7414d38f094362f17348d,,,
24e1247151234714,WT201-429,24e1247151234714,test,ClassC-OTAA,WT201,1,6da0934c8f6893aff0f046999c14b01a,,,
24e1247151234715,WT201-430,24e1247151234715,test,ClassC-OTAA,WT201,1,b81dba1955688b536df224422073c76a,,,
24e1247151234716,WT201-431,24e1247151234716,test,ClassC-OTAA,WT201,1,13df6a43abf7cdad249502c3b11c3424,,,
24e1247151234717,WT201-432,24e1247151234717,test,ClassC-OTAA,WT201,1,1a798a9d32a3fd4b95260a59b3b182cc,,,
24e1247151234718,WT201-433,24e1247151234718,test,ClassC-OTAA,WT201,1,703982f6ba50c5fae58efb4430cc1324,,,
24e1247151234719,WT201-434,24e1247151234719,test,ClassC-OTAA,WT201,1,f5fed52f772007fa9e0c9cedc5154ca8,,,
24e124715123471a,WT201-435,24e124715123471a,test,ClassC-OTAA,WT201,1,f84cf5193a336bdd7f4bc7816ea2dcd2,,,
24e124715123471b,WT201-436,24e124715123471b,test,ClassC-OTAA,WT201,1,35cf3c1d59214aa78006964f1e26b8bb,,,
24e124715123471c,WT201-437,24e124715123471c,test,ClassC-OTAA,WT201,1,eeef13adab2ff4ea04f3af71beeae787,,,
24e124715123471d,WT201-438,24e124715123471d,test,ClassC-OTAA,WT201,1,95cffafa7cf593ce5e024a08bcf9b4fb,,,
24e124715123471e,WT201-439,24e124715123471e,test,ClassC-OTAA,WT201,1,7dfaba20fa13f0b3802f04fd8ec8b901,,,
24e124715123471f,WT201-440,24e124715123471f,test,ClassC-OTAA,WT201,1,399684da90dc0b5f3b13bbed1d94dcbf,,,
24e1247151234720,WT201-441,24e1247151234720,test,ClassC-OTAA,WT201,1,f95ab402cdb1de7b8d10802e0e749857,,,
24e1247151234721,WT201-442,24e1247151234721,test,ClassC-OTAA,WT201,1,2d02e95895526ab4b0dc951549a5c191,,,
24e1247151234722,WT201-443,24e1247151234722,test,ClassC-OTAA,WT201,1,b262faae4654b44a9419b28b126e3195,,,
24e1247151234723,WT201-444,24e1247151234723,test,ClassC-OTAA,WT201,1,7a53df0a838d59ce33814daaf63e4d9c,,,
24e1247151234724,WT201-445,24e1247151234724,test,ClassC-OTAA,WT201,1,53b23c9c5f24d7cc09cf7568bb5b54bf,,,
24e1247151234725,WT201-446,24e1247151234725,test,ClassC-OTAA,WT201,1,27afb88201779f52b6af8ce04e30d2e5,,,
24e1247151234726,WT201-447,24e1247151234726,test,ClassC-OTAA,WT201,1,a8ed3f1a81123fd3d4d609147f01de0a,,,
24e1247151234727,WT201-448,24e1247151234727,test,ClassC-OTAA,WT201,1,fa434ab7df8dc50d1aa4c0ec24229a2d,,,
24e1247151234728,WT201-449,24e1247151234728,test,ClassC-OTAA,WT201,1,021e8be03bfdff5ed8e9683316fd7fa0,,,
24e1247151234729,WT201-450,24e1247151234729,test,ClassC-OTAA,WT201,1,b168631df3c7d0e02d19f6046d97d2d1,,,
24e124715123472a,WT201-451,24e124715123472a,test,ClassC-OTAA,WT201,1,025096aa21b94aed449fa0d9c9aefb71,,,
24e124715123472b,WT201-452,24e124715123472b,test,ClassC-OTAA,WT201,1,962becab635242b661093627a6016c10,,,
24e124715123472c,WT201-453,24e124715123472c,test,ClassC-OTAA,WT201,1,e6ea95ebf851eb3f034d018197797e7f,,,
24e124715123472d,WT201-454,24e124715123472d,test,ClassC-OTAA,WT201,1,4243b6d24875c727c4fe539f53499ec7,,,
24e124715123472e,WT201-455,24e124715123472e,test,ClassC-OTAA,WT201,1,f9f354534704d59ecc0190ad21d95499,,,
24e124715123472f,WT201-456,24e124715123472f,test,ClassC-OTAA,WT201,1,a4ee2e88bab00140dac7a6869cdc08d3,,,
24e1247151234730,WT201-457,24e1247151234730,test,ClassC-OTAA,WT201,1,5d73d8a88dbb3174cdc355fe889b8f35,,,
24e1247151234731,WT201-458,24e1247151234731,test,ClassC-OTAA,WT201,1,419f53b54d1190750974e762b1903457,,,
24e1247151234732,WT201-459,24e1247151234732,test,ClassC-OTAA,WT201,1,8f91e68ad5051405592cd5f8e7085e1f,,,
24e1247151234733,WT201-460,24e1247151234733,test,ClassC-OTAA,WT201,1,b4933a77b4b7c3815e83ace5635db7e4,,,
24e1247151234734,WT201-461,24e1247151234734,test,ClassC-OTAA,WT201,1,fd8c8181bbee0b2c1bd37588ba55710e,,,
24e1247151234735,WT201-462,24e1247151234735,test,ClassC-OTAA,WT201,1,40c228cbafa620b48c9e43234aaeb88b,,,
24e1247151234736,WT201-463,24e1247151234736,test,ClassC-OTAA,WT201,1,55f8f7fc28263512902247e510f2bf16,,,
24e1247151234737,WT201-464,24e1247151234737,test,ClassC-OTAA,WT201,1,dd5e6ecd2200e7efa932af7c647b1c42,,,
24e1247151234738,WT201-465,24e1247151234738,test,ClassC-OTAA,WT201,1,f66aee976e17377a1ea8f223c4dff5cb,,,
24e1247151234739,WT201-466,24e1247151234739,test,ClassC-OTAA,WT201,1,a2af2c3552558dfce58f47dc55fced76,,,
24e124715123473a,WT201-467,24e124715123473a,test,ClassC-OTAA,WT201,1,5ed09d7fb00f95c070ece163791577e5,,,
24e124715123473b,WT201-468,24e124715123473b,test,ClassC-OTAA,WT201,1,eae8a7baaf107d57ce18c34da22a1a14,,,
24e124715123473c,WT201-469,24e124715123473c,test,ClassC-OTAA,WT201,1,5f44a2c0560e1c3d8724aec71d494830,,,
24e124715123473d,WT201-470,24e124715123473d,test,ClassC-OTAA,WT201,1,20e26b990fc1d9df22177fe3a5866983,,,
24e124715123473e,WT201-471,24e124715123473e,test,ClassC-OTAA,WT201,1,ea0626a7fc880c71c23c2eb44be426b0,,,
24e124715123473f,WT201-472,24e124715123473f,test,ClassC-OTAA,WT201,1,946dfe15465bed16d4b96dfec2c1a9f7,,,
24e1247151234740,WT201-473,24e1247151234740,test,ClassC-OTAA,WT201,1,2042933fe78b2057462fe7384642dd8e,,,
24e1247151234741,WT201-474,24e1247151234741,test,ClassC-OTAA,WT201,1,eb96d17d5d682516d28fb375ac0d7da6,,,
24e1247151234742,WT201-475,24e1247151234742,test,ClassC-OTAA,WT201,1,9380d124b9f806295735fbd52f8f9453,,,
24e1247151234743,WT201-476,24e1247151234743,test,ClassC-OTAA,WT201,1,5dc0173990d0449fd19e686c905f3b80,,,
24e1247151234744,WT201-477,24e1247151234744,test,ClassC-OTAA,WT201,1,1834e3554132425a60ac42579d32b312,,,
24e1247151234745,WT201-478,24e1247151234745,test,ClassC-OTAA,WT201,1,c62090c81f9ab62b813271238da6e33a,,,
24e1247151234746,WT201-479,24e1247151234746,test,ClassC-OTAA,WT201,1,87ca937bec7af9ab08558336f14229db,,,
24e1247151234747,WT201-480,24e1247151234747,test,ClassC-OTAA,WT201,1,c5d7be55a52aec82f1a0d64971c227a6,,,
24e1247151234748,WT201-481,24e1247151234748,test,ClassC-OTAA,WT201,1,d01bace7633ee05f2c39fbd1ee464bb0,,,
24e1247151234749,WT201-482,24e1247151234749,test,ClassC-OTAA,WT201,1,37cf1c06cc1a4f84b637d892837e4669,,,
24e124715123474a,WT201-483,24e124715123474a,test,ClassC-OTAA,WT201,1,65d34f2c920a93422d1036e1e12f1ae8,,,
24e124715123474b,WT201-484,24e124715123474b,test,ClassC-OTAA,WT201,1,23caa8b721a0d5399e54ce14cb030885,,,
24e124715123474c,WT201-485,24e124715123474c,test,ClassC-OTAA,WT201,1,4fb09be264787817e1908c960b4c39f9,,,
24e124715123474d,WT201-486,24e124715123474d,test,ClassC-OTAA,WT201,1,867c218d12907eed54ee546c70221d88,,,
24e124715123474e,WT201-487,24e124715123474e,test,ClassC-OTAA,WT201,1,ecdb8275c8b02f18adc5d913a083add2,,,
24e124715123474f,WT201-488,24e124715123474f,test,ClassC-OTAA,WT201,1,d810bf93968e1f02796e1a8074833fff,,,
24e1247151234750,WT201-489,24e1247151234750,test,ClassC-OTAA,WT201,1,bfeef4c426e2f0b183f5d0e22fdd955c,,,
24e1247151234751,WT201-490,24e1247151234751,test,ClassC-OTAA,WT201,1,daa044d20a49cf9ffe44bfbc4a0f3a19,,,
24e1247151234752,WT201-491,24e1247151234752,test,ClassC-OTAA,WT201,1,010f08c8baf835dfdfd1bed2e1d3bc05,,,
24e1247151234753,WT201-492,24e1247151234753,test,ClassC-OTAA,WT201,1,9c9a2c9f62c659630d9016616ec22d4c,,,
24e1247151234754,WT201-493,24e1247151234754,test,ClassC-OTAA,WT201,1,f8eadae9272790b2ded9fcad70cb526f,,,
24e1247151234755,WT201-494,24e1247151234755,test,ClassC-OTAA,WT201,1,5e67df73daf41240c217f9b0fd798a58,,,
24e1247151234756,WT201-495,24e1247151234756,test,ClassC-OTAA,WT201,1,d6113a06caa3d390b3cfab3699d626d9,,,
24e1247151234757,WT201-496,24e1247151234757,test,ClassC-OTAA,WT201,1,df8eff2c6ab7ea20740d941545a7a70d,,,
24e1247151234758,WT201-497,24e1247151234758,test,ClassC-OTAA,WT201,1,b330725bb750770006b8ef16c57f6096,,,
24e1247151234759,WT201-498,24e1247151234759,test,ClassC-OTAA,WT201,1,ac40f4296493b09f717ba837263719bd,,,
24e124715123475a,WT201-499,24e124715123475a,test,ClassC-OTAA,WT201,1,b69da830b62b40fc8e3bb8d0d1fbef57,,,
24e124715123475b,WT201-500,24e124715123475b,test,ClassC-OTAA,WT201,1,5dafd00f6d83cff7c406b38098ee60d8,,,
24e124715123475c,WT201-501,24e124715123475c,test,ClassC-OTAA,WT201,1,380c012a8015d3c7c4e22b2fc3c120df,,,
24e124715123475d,WT201-502,24e124715123475d,test,ClassC-OTAA,WT201,1,0caab6e8f24038599e4467e88e134e85,,,
24e124715123475e,WT201-503,24e124715123475e,test,ClassC-OTAA,WT201,1,2c28efe6e15a093052df7742612b6985,,,
24e124715123475f,WT201-504,24e124715123475f,test,ClassC-OTAA,WT201,1,c2f9028ad778ff040079c9307e3ed90b,,,
24e1247151234760,WT201-505,24e1247151234760,test,ClassC-OTAA,WT201,1,f4311ce407837bde34167ce370278f4e,,,
24e1247151234761,WT201-506,24e1247151234761,test,ClassC-OTAA,WT201,1,f2f205da5f5a190addc3c85455990c39,,,
24e1247151234762,WT201-507,24e1247151234762,test,ClassC-OTAA,WT201,1,6e05f81ecd75c16f3b01724e81300c69,,,
24e1247151234763,WT201-508,24e1247151234763,test,ClassC-OTAA,WT201,1,393af3b772e0838faf4db0fc942387c0,,,
24e1247151234764,WT201-509,24e1247151234764,test,ClassC-OTAA,WT201,1,54993af71900432f11564403fe502b79,,,
24e1247151234765,WT201-510,24e1247151234765,test,ClassC-OTAA,WT201,1,38415db268e6d8006c913ecc52924717,,,
24e1247151234766,WT201-511,24e1247151234766,test,ClassC-OTAA,WT201,1,a6fc7b2ad4a6afdc13f9340d6916526c,,,
24e1247151234767,WT201-512,24e1247151234767,test,ClassC-OTAA,WT201,1,1b579daf4ac52c16358f22dbd1039deb,,,
24e1247151234768,WT201-513,24e1247151234768,test,ClassC-OTAA,WT201,1,51f642349aed656b9d7bfd7d0d42fad6,,,
24e1247151234769,WT201-514,24e1247151234769,test,ClassC-OTAA,WT201,1,965eaac090cf67ef246f53f5ebfbe0d7,,,
24e124715123476a,WT201-515,24e124715123476a,test,ClassC-OTAA,WT201,1,81713b554ea296d42f3b7424b4e3cfca,,,
24e124715123476b,WT201-516,24e124715123476b,test,ClassC-OTAA,WT201,1,5636006eb870f4fa00fc90438901f3bb,,,
24e124715123476c,WT201-517,24e124715123476c,test,ClassC-OTAA,WT201,1,16591f1f484d9e16719960b6da1c632b,,,
24e124715123476d,WT201-518,24e124715123476d,test,ClassC-OTAA,WT201,1,2ef9a7167d90850cadab6150d39a9927,,,
24e124715123476e,WT201-519,24e124715123476e,test,ClassC-OTAA,WT201,1,b07f8cda0d6228474d4d510720cf78b8,,,
24e124715123476f,WT201-520,24e124715123476f,test,ClassC-OTAA,WT201,1,476412604cf1d4a5d2cbe699473728ff,,,
24e1247151234770,WT201-521,24e1247151234770,test,ClassC-OTAA,WT201,1,8aafc0e6e40b71a7db0ff028287e4be5,,,
24e1247151234771,WT201-522,24e1247151234771,test,ClassC-OTAA,WT201,1,635d6ec8aab8b41409a1584e525a8674,,,
24e1247151234772,WT201-523,24e1247151234772,test,ClassC-OTAA,WT201,1,1ee1af0723a85368ab16f222e73296b0,,,
24e1247151234773,WT201-524,24e1247151234773,test,ClassC-OTAA,WT201,1,9cc687b782f28737d2630668f3c5d7f0,,,
24e1247151234774,WT201-525,24e1247151234774,test,ClassC-OTAA,WT201,1,7eabaddce72a443586044374de62f84c,,,
24e1247151234775,WT201-526,24e1247151234775,test,ClassC-OTAA,WT201,1,e6a657177fc427688ed4ea054fb5b382,,,
24e1247151234776,WT201-527,24e1247151234776,test,ClassC-OTAA,WT201,1,240a126c6a424eb3d0b21f41a3051f68,,,
24e1247151234777,WT201-528,24e1247151234777,test,ClassC-OTAA,WT201,1,e6fad6cd994e70a3ca6f2631a36f3c1e,,,
24e1247151234778,WT201-529,24e1247151234778,test,ClassC-OTAA,WT201,1,95964e3a526a4185d7ebbf16cb29e8fc,,,
24e1247151234779,WT201-530,24e1247151234779,test,ClassC-OTAA,WT201,1,53cc76f01564f95e84a3d646007d5ec2,,,
24e124715123477a,WT201-531,24e124715123477a,test,ClassC-OTAA,WT201,1,567ff81a807abc692d9238b17696c6e9,,,
24e124715123477b,WT201-532,24e124715123477b,test,ClassC-OTAA,WT201,1,4e3e6a3b9a36d67375e863894dc99fd0,,,
24e124715123477c,WT201-533,24e124715123477c,test,ClassC-OTAA,WT201,1,22669cc108b163d79436a0192146dc66,,,
24e124715123477d,WT201-534,24e124715123477d,test,ClassC-OTAA,WT201,1,e03948c7271e20efdeb14e79f52efc1b,,,
24e124715123477e,WT201-535,24e124715123477e,test,ClassC-OTAA,WT201,1,5c07fc01da98bbc47a6d048917a31bf9,,,
24e124715123477f,WT201-536,24e124715123477f,test,ClassC-OTAA,WT201,1,c27ef6cf9fd2ccda4d67b1dccdf39b6e,,,
24e1247151234780,WT201-537,24e1247151234780,test,ClassC-OTAA,WT201,1,54530e3a2f1448e28af8d4c64d4cd03c,,,
24e1247151234781,WT201-538,24e1247151234781,test,ClassC-OTAA,WT201,1,3ef8de800e596df59dd32f90ddc714e4,,,
24e1247151234782,WT201-539,24e1247151234782,test,ClassC-OTAA,WT201,1,4e22ff83ef019721d438219a6bb7a062,,,
24e1247151234783,WT201-540,24e1247151234783,test,ClassC-OTAA,WT201,1,e6d3c74caa9a33b4980ea4196c434b25,,,
24e1247151234784,WT201-541,24e1247151234784,test,ClassC-OTAA,WT201,1,80c53498862df48421f309acb3da4e1f,,,
24e1247151234785,WT201-542,24e1247151234785,test,ClassC-OTAA,WT201,1,f73bc2ce22d53d157306919a451e5d41,,,
24e1247151234786,WT201-543,24e1247151234786,test,ClassC-OTAA,WT201,1,4f3c3eb163765dbfd2e5be9a362f6452,,,
24e1247151234787,WT201-544,24e1247151234787,test,ClassC-OTAA,WT201,1,0a840f142657705080d36fa392184d04,,,
24e1247151234788,WT201-545,24e1247151234788,test,ClassC-OTAA,WT201,1,afc1ab418a2a029e9ae5e5d65e474b62,,,
24e1247151234789,WT201-546,24e1247151234789,test,ClassC-OTAA,WT201,1,824dddf3a8d26a1198379c765e6e0a49,,,
24e124715123478a,WT201-547,24e124715123478a,test,ClassC-OTAA,WT201,1,17d31f379d946af15ef8655e0efc3d9d,,,
24e124715123478b,WT201-548,24e124715123478b,test,ClassC-OTAA,WT201,1,1921d4ea113db6cf7f1965afb5f94b80,,,
24e124715123478c,WT201-549,24e124715123478c,test,ClassC-OTAA,WT201,1,5df211b996931bda4d951af6a65faffc,,,
24e124715123478d,WT201-550,24e124715123478d,test,ClassC-OTAA,WT201,1,bdd1c0c98fdb296729ee0663912ecdc6,,,
24e124715123478e,WT201-551,24e124715123478e,test,ClassC-OTAA,WT201,1,096f981d882e7e4cf22e7080911f2fb4,,,
24e124715123478f,WT201-552,24e124715123478f,test,ClassC-OTAA,WT201,1,94630b57941613e7d9ac62681e63a128,,,
24e1247151234790,WT201-553,24e1247151234790,test,ClassC-OTAA,WT201,1,84b76d8ef2c4bf2eb0562c9824faf414,,,
24e1247151234791,WT201-554,24e1247151234791,test,ClassC-OTAA,WT201,1,65345d394893ad442579bff45f904b4f,,,
24e1247151234792,WT201-555,24e1247151234792,test,ClassC-OTAA,WT201,1,e69aafff40c9a932eb63cc6c804da8c4,,,
24e1247151234793,WT201-556,24e1247151234793,test,ClassC-OTAA,WT201,1,a5fe02e344b0a7f5ae1f2687be73268d,,,
24e1247151234794,WT201-557,24e1247151234794,test,ClassC-OTAA,WT201,1,2d8c624c436ffe61672cf9e27d4df7c5,,,
24e1247151234795,WT201-558,24e1247151234795,test,ClassC-OTAA,WT201,1,40a4d7f9b916aa7f0f21bb6ab29cd081,,,
24e1247151234796,WT201-559,24e1247151234796,test,ClassC-OTAA,WT201,1,fa5da5c5bc9b6a9ead3c4701e01af7d7,,,
24e1247151234797,WT201-560,24e1247151234797,test,ClassC-OTAA,WT201,1,d5d3004ada9762fbd28572b717b4ed10,,,
24e1247151234798,WT201-561,24e1247151234798,test,ClassC-OTAA,WT201,1,b06d827a6b7488d53ac96529256bacb6,,,
24e1247151234799,WT201-562,24e1247151234799,test,ClassC-OTAA,WT201,1,36830b5acec43fc7f8c31061408e3eb8,,,
24e124715123479a,WT201-563,24e124715123479a,test,ClassC-OTAA,WT201,1,a9579fad8542c31c2cfe3a3cfb00b953,,,
24e124715123479b,WT201-564,24e124715123479b,test,ClassC-OTAA,WT201,1,13ef5241165c6aa591ad331e985308e6,,,
24e124715123479c,WT201-565,24e124715123479c,test,ClassC-OTAA,WT201,1,26cfad7d79d2af82ede84bd0c5dffdfb,,,
24e124715123479d,WT201-566,24e124715123479d,test,ClassC-OTAA,WT201,1,95339809380198b8798ffe4b5dc82732,,,
24e124715123479e,WT201-567,24e124715123479e,test,ClassC-OTAA,WT201,1,364b20d61d969b881fe2bf0c9c4f3f00,,,
24e124715123479f,WT201-568,24e124715123479f,test,ClassC-OTAA,WT201,1,6c54041fefad0fa156a3a83f56466fef,,,
24e12471512347a0,WT201-569,24e12471512347a0,test,ClassC-OTAA,WT201,1,5b555ddf598e2bf174733bb83a30f9fe,,,
24e12471512347a1,WT201-570,24e12471512347a1,test,ClassC-OTAA,WT201,1,c900c7613288f2c1dfe7cbe3bdb3c114,,,
24e12471512347a2,WT201-571,24e12471512347a2,test,ClassC-OTAA,WT201,1,1df97db737b99286343851299fc889df,,,
24e12471512347a3,WT201-572,24e12471512347a3,test,ClassC-OTAA,WT201,1,f4db423007e585ec480c3dc54300555c,,,
24e12471512347a4,WT201-573,24e12471512347a4,test,ClassC-OTAA,WT201,1,a1bf24580e423f42f99529b6cbddd1fe,,,
24e12471512347a5,WT201-574,24e12471512347a5,test,ClassC-OTAA,WT201,1,e3b2a4f8a375bc5c58b3eb27132483fe,,,
24e12471512347a6,WT201-575,24e12471512347a6,test,ClassC-OTAA,WT201,1,9bdd4573eb6373aee70f235ca4a21971,,,
24e12471512347a7,WT201-576,24e12471512347a7,test,ClassC-OTAA,WT201,1,dfbdc608aa22873ff48cc9be40fd2311,,,
24e12471512347a8,WT201-577,24e12471512347a8,test,ClassC-OTAA,WT201,1,1a834c06775752d8500a1163f86c4eef,,,
24e12471512347a9,WT201-578,24e12471512347a9,test,ClassC-OTAA,WT201,1,9410585d38256cdd4ae95948c3e4a957,,,
24e12471512347aa,WT201-579,24e12471512347aa,test,ClassC-OTAA,WT201,1,3f507e07a2f651ea50ba0cf6ad3c5835,,,
24e12471512347ab,WT201-580,24e12471512347ab,test,ClassC-OTAA,WT201,1,163531e821bf241aa01be5780fea6f4d,,,
24e12471512347ac,WT201-581,24e12471512347ac,test,ClassC-OTAA,WT201,1,70f1e848f89ce35810b9d17a513810b5,,,
24e12471512347ad,WT201-582,24e12471512347ad,test,ClassC-OTAA,WT201,1,596913cfca9a7ab2bd0e88c18af4e29f,,,
24e12471512347ae,WT201-583,24e12471512347ae,test,ClassC-OTAA,WT201,1,7e8d95efade473e38757a7cfc84f84c8,,,
24e12471512347af,WT201-584,24e12471512347af,test,ClassC-OTAA,WT201,1,1d71ed69b3c8460f90a6a223740c6f0f,,,
24e12471512347b0,WT201-585,24e12471512347b0,test,ClassC-OTAA,WT201,1,376daf8ac4a5a54016492f5de6e1877f,,,
24e12471512347b1,WT201-586,24e12471512347b1,test,ClassC-OTAA,WT201,1,e6abe0c8fc1489f973133118456d3fd2,,,
24e12471512347b2,WT201-587,24e12471512347b2,test,ClassC-OTAA,WT201,1,2650ba305ef7062ef01318c3c2f0d546,,,
24e12471512347b3,WT201-588,24e12471512347b3,test,ClassC-OTAA,WT201,1,a530d594ea57db46b0fa28114d1351bb,,,
24e12471512347b4,WT201-589,24e12471512347b4,test,ClassC-OTAA,WT201,1,e83a9c2b2693bbc23f548cecbe316c59,,,
24e12471512347b5,WT201-590,24e12471512347b5,test,ClassC-OTAA,WT201,1,08ee05a2fca2436bb10ac16390360eb3,,,
24e12471512347b6,WT201-591,24e12471512347b6,test,ClassC-OTAA,WT201,1,fc5987eea7135465e366657838c1cc9e,,,
24e12471512347b7,WT201-592,24e12471512347b7,test,ClassC-OTAA,WT201,1,9b8f3b898399891b4ae6d8a0a9ac6308,,,
24e12471512347b8,WT201-593,24e12471512347b8,test,ClassC-OTAA,WT201,1,56423ee2945e8ceb1f34c10070240fd7,,,
24e12471512347b9,WT201-594,24e12471512347b9,test,ClassC-OTAA,WT201,1,812f8acef997ab14479a97e7310f83e9,,,
24e12471512347ba,WT201-595,24e12471512347ba,test,ClassC-OTAA,WT201,1,86424ab5d0368c8652f36476ab9b29ed,,,
24e12471512347bb,WT201-596,24e12471512347bb,test,ClassC-OTAA,WT201,1,844ef1d0b86850ede4430fbeefc86d7d,,,
24e12471512347bc,WT201-597,24e12471512347bc,test,ClassC-OTAA,WT201,1,9ed1c25bad69204100c1566430814a82,,,
24e12471512347bd,WT201-598,24e12471512347bd,test,ClassC-OTAA,WT201,1,7099b9993d6eb1dfbc13ec8e36fc278a,,,
24e12471512347be,WT201-599,24e12471512347be,test,ClassC-OTAA,WT201,1,cd225b94e2b93388ef7c6aa269fdd55d,,,
24e12471512347bf,WT201-600,24e12471512347bf,test,ClassC-OTAA,WT201,1,2a3dd54069136d35e3c526abe3010e6b,,,
24e12471512347c0,WT201-601,24e12471512347c0,test,ClassC-OTAA,WT201,1,706006f6c7f401b14684d1a0c856dc80,,,
24e12471512347c1,WT201-602,24e12471512347c1,test,ClassC-OTAA,WT201,1,d89440dc5356d5c1fff5986be9892256,,,
24e12471512347c2,WT201-603,24e12471512347c2,test,ClassC-OTAA,WT201,1,4532a13d0194ee9ae37db59a58f908b5,,,
24e12471512347c3,WT201-604,24e12471512347c3,test,ClassC-OTAA,WT201,1,052ec6dc45d2b56a61c2cde45f11d14f,,,
24e12471512347c4,WT201-605,24e12471512347c4,test,ClassC-OTAA,WT201,1,d307bd2c725c4350c4f1773974c76e3d,,,
24e12471512347c5,WT201-606,24e12471512347c5,test,ClassC-OTAA,WT201,1,03b098b9d24d4ca65d831cb778f7a46e,,,
24e12471512347c6,WT201-607,24e12471512347c6,test,ClassC-OTAA,WT201,1,db586eb2cde08ddb928e3e82e99c3987,,,
24e12471512347c7,WT201-608,24e12471512347c7,test,ClassC-OTAA,WT201,1,52bc9979cb74c920596b75906e9d6a74,,,
24e12471512347c8,WT201-609,24e12471512347c8,test,ClassC-OTAA,WT201,1,75cdd78e14ba8e74015dace18971dad0,,,
24e12471512347c9,WT201-610,24e12471512347c9,test,ClassC-OTAA,WT201,1,163b325a1d95e241dfa2a608b6bc5580,,,
24e12471512347ca,WT201-611,24e12471512347ca,test,ClassC-OTAA,WT201,1,fb4c8df90c97c7674f0feee2c3ba6e9d,,,
24e12471512347cb,WT201-612,24e12471512347cb,test,ClassC-OTAA,WT201,1,18dd600835644b69dd1c57ad971d328d,,,
24e12471512347cc,WT201-613,24e12471512347cc,test,ClassC-OTAA,WT201,1,a8a6a3b23008bcd5986cce0c8c968627,,,
24e12471512347cd,WT201-614,24e12471512347cd,test,ClassC-OTAA,WT201,1,a21b3e4500323d8df1f1b7d10d5441d7,,,
24e12471512347ce,WT201-615,24e12471512347ce,test,ClassC-OTAA,WT201,1,5311572896e5e44dbecd540381db5aa0,,,
24e12471512347cf,WT201-616,24e12471512347cf,test,ClassC-OTAA,WT201,1,4681c5ac4187b71b6aa48147efbc1cd7,,,
24e12471512347d0,WT201-617,24e12471512347d0,test,ClassC-OTAA,WT201,1,3eadfd90e8ff1f4093ed75c642224e56,,,
24e12471512347d1,WT201-618,24e12471512347d1,test,ClassC-OTAA,WT201,1,10bd04b661157321a201ff19e00e24e3,,,
24e12471512347d2,WT201-619,24e12471512347d2,test,ClassC-OTAA,WT201,1,b5bd1aa581897cd704f7dfdbda81a7b2,,,
24e12471512347d3,WT201-620,24e12471512347d3,test,ClassC-OTAA,WT201,1,148946116ccd1997171342f3c92ce3a8,,,
24e12471512347d4,WT201-621,24e12471512347d4,test,ClassC-OTAA,WT201,1,1554dc9df6d8d346d219a3a87b49266a,,,
24e12471512347d5,WT201-622,24e12471512347d5,test,ClassC-OTAA,WT201,1,fc580fc86c6872bd58a842ca7caceec5,,,
24e12471512347d6,WT201-623,24e12471512347d6,test,ClassC-OTAA,WT201,1,4aeb9ec196dad0d5b78eb61a00adecb6,,,
24e12471512347d7,WT201-624,24e12471512347d7,test,ClassC-OTAA,WT201,1,520cbbf87a30cb48923e3006d7a54191,,,
24e12471512347d8,WT201-625,24e12471512347d8,test,ClassC-OTAA,WT201,1,154bc7398a23f923f9094fb803263d65,,,
24e12471512347d9,WT201-626,24e12471512347d9,test,ClassC-OTAA,WT201,1,29b7895cfa81bb1bc8633c873ebf2477,,,
24e12471512347da,WT201-627,24e12471512347da,test,ClassC-OTAA,WT201,1,b310813653eff6da6b63c8b935b419a8,,,
24e12471512347db,WT201-628,24e12471512347db,test,ClassC-OTAA,WT201,1,4c8886cbcc9b8f7459549153aa92bfdb,,,
24e12471512347dc,WT201-629,24e12471512347dc,test,ClassC-OTAA,WT201,1,6790a989d4bf3e8dd6aa247bdf8037dd,,,
24e12471512347dd,WT201-630,24e12471512347dd,test,ClassC-OTAA,WT201,1,bafacb3eb27049b60d5a46c84c9acdc9,,,
24e12471512347de,WT201-631,24e12471512347de,test,ClassC-OTAA,WT201,1,f0929243de87d4462c9235ec2ef8bc00,,,
24e12471512347df,WT201-632,24e12471512347df,test,ClassC-OTAA,WT201,1,4e4f98387a4b3a5bb2736a486e966e77,,,
24e12471512347e0,WT201-633,24e12471512347e0,test,ClassC-OTAA,WT201,1,eb080d7384ac95c9f0d0016c21d46764,,,
24e12471512347e1,WT201-634,24e12471512347e1,test,ClassC-OTAA,WT201,1,6555457bdc9f29d6e2d97606131921d1,,,
24e12471512347e2,WT201-635,24e12471512347e2,test,ClassC-OTAA,WT201,1,81bfa0b4d73e3536e198beeeeee22599,,,
24e12471512347e3,WT201-636,24e12471512347e3,test,ClassC-OTAA,WT201,1,9ff36411be1348ff452e3b288bf6b236,,,
24e12471512347e4,WT201-637,24e12471512347e4,test,ClassC-OTAA,WT201,1,3077d6e753268b26476ce0563235bb4e,,,
24e12471512347e5,WT201-638,24e12471512347e5,test,ClassC-OTAA,WT201,1,1a27b65b32e64b6eaf605ee00722d407,,,
24e12471512347e6,WT201-639,24e12471512347e6,test,ClassC-OTAA,WT201,1,3d3c4c4bcbfb09d7a4b04f9a70196bcc,,,
24e12471512347e7,WT201-640,24e12471512347e7,test,ClassC-OTAA,WT201,1,c59a8295c8509b734e863d95a3c4bcd5,,,
24e12471512347e8,WT201-641,24e12471512347e8,test,ClassC-OTAA,WT201,1,73b818fd8874db8c9cbf3aa58bab6ce7,,,
24e12471512347e9,WT201-642,24e12471512347e9,test,ClassC-OTAA,WT201,1,ca9283736b3380cd0ceaefdc92815f0b,,,
24e12471512347ea,WT201-643,24e12471512347ea,test,ClassC-OTAA,WT201,1,5d819947d876785d2e8403f2feb25106,,,
24e12471512347eb,WT201-644,24e12471512347eb,test,ClassC-OTAA,WT201,1,82ab8b17208c41aa954e2b9caaaaf0df,,,
24e12471512347ec,WT201-645,24e12471512347ec,test,ClassC-OTAA,WT201,1,073c0d919fc0bb46f77984c7b5676765,,,
24e12471512347ed,WT201-646,24e12471512347ed,test,ClassC-OTAA,WT201,1,db75c61be5a534b511a53b315bdb918f,,,
24e12471512347ee,WT201-647,24e12471512347ee,test,ClassC-OTAA,WT201,1,c13936b0b118f460bc5d517dcf757196,,,
24e12471512347ef,WT201-648,24e12471512347ef,test,ClassC-OTAA,WT201,1,92b5db7753c06044168d9c4eefad806b,,,
24e12471512347f0,WT201-649,24e12471512347f0,test,ClassC-OTAA,WT201,1,f61980d697a064df7495b0003e61b05f,,,
24e12471512347f1,WT201-650,24e12471512347f1,test,ClassC-OTAA,WT201,1,7f21b2d17d3a38670188b0fade94a2e4,,,
24e12471512347f2,WT201-651,24e12471512347f2,test,ClassC-OTAA,WT201,1,38414ce0f573308ad7cd3575d5e849f8,,,
24e12471512347f3,WT201-652,24e12471512347f3,test,ClassC-OTAA,WT201,1,03e0a59fe686127f1bf827c1b213ca85,,,
24e12471512347f4,WT201-653,24e12471512347f4,test,ClassC-OTAA,WT201,1,d0a5ad661aeebb94b5f131efd96598ce,,,
24e12471512347f5,WT201-654,24e12471512347f5,test,ClassC-OTAA,WT201,1,da02a27e5966dceecb2cdce3de115917,,,
24e12471512347f6,WT201-655,24e12471512347f6,test,ClassC-OTAA,WT201,1,3d2c29c896d47fdf129da65215deac6f,,,
24e12471512347f7,WT201-656,24e12471512347f7,test,ClassC-OTAA,WT201,1,e0c3eda49a979026fb42c753e508883f,,,
24e12471512347f8,WT201-657,24e12471512347f8,test,ClassC-OTAA,WT201,1,56635ba33835cbd26e3aa4029e90621b,,,
24e12471512347f9,WT201-658,24e12471512347f9,test,ClassC-OTAA,WT201,1,19cbc01453ff3deb6d0807ef22a21046,,,
24e12471512347fa,WT201-659,24e12471512347fa,test,ClassC-OTAA,WT201,1,f515fda8e9c4e8cacf74badede681a00,,,
24e12471512347fb,WT201-660,24e12471512347fb,test,ClassC-OTAA,WT201,1,23d804cda5f49c73ae1a01fe0bfd549e,,,
24e12471512347fc,WT201-661,24e12471512347fc,test,ClassC-OTAA,WT201,1,6a4a1c06b8ab92077f3f230509e5218a,,,
24e12471512347fd,WT201-662,24e12471512347fd,test,ClassC-OTAA,WT201,1,a6446de5f701c09253883444efd35a85,,,
24e12471512347fe,WT201-663,24e12471512347fe,test,ClassC-OTAA,WT201,1,2954357c041a9488da1528fc5e4d1835,,,
24e12471512347ff,WT201-664,24e12471512347ff,test,ClassC-OTAA,WT201,1,b1adf20f0582f555873faf7d6f6a2b63,,,
24e1247151234800,WT201-665,24e1247151234800,test,ClassC-OTAA,WT201,1,7a754d9d332c77e795d25a02b2193919,,,
24e1247151234801,WT201-666,24e1247151234801,test,ClassC-OTAA,WT201,1,2eef7fcbe6c91eadc9cef88b18d72693,,,
24e1247151234802,WT201-667,24e1247151234802,test,ClassC-OTAA,WT201,1,4e1dfd91f54cb6961c15e3b3fa33cfa4,,,
24e1247151234803,WT201-668,24e1247151234803,test,ClassC-OTAA,WT201,1,eb08b401167d600b8ea30f2cfc3adf83,,,
24e1247151234804,WT201-669,24e1247151234804,test,ClassC-OTAA,WT201,1,7188f726050da6755269c25b5f3d001e,,,
24e1247151234805,WT201-670,24e1247151234805,test,ClassC-OTAA,WT201,1,c358efedd51d431b127169f26e4206a3,,,
24e1247151234806,WT201-671,24e1247151234806,test,ClassC-OTAA,WT201,1,5b6b5d7a0f5d11ca49a58ad9a42bae2c,,,
24e1247151234807,WT201-672,24e1247151234807,test,ClassC-OTAA,WT201,1,8b66ddc4a38285d07a88e1e885617643,,,
24e1247151234808,WT201-673,24e1247151234808,test,ClassC-OTAA,WT201,1,103bbc687ca798e2d71aa259ef363587,,,
24e1247151234809,WT201-674,24e1247151234809,test,ClassC-OTAA,WT201,1,9877586f989b040efee39f4463f4bb83,,,
24e124715123480a,WT201-675,24e124715123480a,test,ClassC-OTAA,WT201,1,cf1393aac36a7c8118bcfc93d87a06ad,,,
24e124715123480b,WT201-676,24e124715123480b,test,ClassC-OTAA,WT201,1,71165d61dd49ecfdfd401f92487b88e6,,,
24e124715123480c,WT201-677,24e124715123480c,test,ClassC-OTAA,WT201,1,b12aacc98412c66a10edc317f458fe45,,,
24e124715123480d,WT201-678,24e124715123480d,test,ClassC-OTAA,WT201,1,a11a3079c7d04028f70f0a55cbc1f8e2,,,
24e124715123480e,WT201-679,24e124715123480e,test,ClassC-OTAA,WT201,1,02350ee49e293a67f47322a3d144f496,,,
24e124715123480f,WT201-680,24e124715123480f,test,ClassC-OTAA,WT201,1,d83705b5aa0a9d6f69f5922ebc020c4f,,,
24e1247151234810,WT201-681,24e1247151234810,test,ClassC-OTAA,WT201,1,e406b1803194625493e238cece6dc138,,,
24e1247151234811,WT201-682,24e1247151234811,test,ClassC-OTAA,WT201,1,378bf511fc974f91d6f4ec00531a718f,,,
24e1247151234812,WT201-683,24e1247151234812,test,ClassC-OTAA,WT201,1,25bf2624aa755ac1ef7f6e7662f0f3a3,,,
24e1247151234813,WT201-684,24e1247151234813,test,ClassC-OTAA,WT201,1,b12da837ccaebf243455e62e2c9d8248,,,
24e1247151234814,WT201-685,24e1247151234814,test,ClassC-OTAA,WT201,1,cbaf7a0d6af395b2c3a9ce34583454b4,,,
24e1247151234815,WT201-686,24e1247151234815,test,ClassC-OTAA,WT201,1,43500e5ab384b6953ea8d7f901b6440c,,,
24e1247151234816,WT201-687,24e1247151234816,test,ClassC-OTAA,WT201,1,43965c8dcc863950ef6d943f6f07c7ab,,,
24e1247151234817,WT201-688,24e1247151234817,test,ClassC-OTAA,WT201,1,54ea7ed92d73e6657730b4db435f60c7,,,
24e1247151234818,WT201-689,24e1247151234818,test,ClassC-OTAA,WT201,1,5ce89bbd4addf2cb6ca5dc5628eed7df,,,
24e1247151234819,WT201-690,24e1247151234819,test,ClassC-OTAA,WT201,1,4cceedca422fa4156ce0f971c4192415,,,
24e124715123481a,WT201-691,24e124715123481a,test,ClassC-OTAA,WT201,1,eae30846fa6d96885ec275c29c15183c,,,
24e124715123481b,WT201-692,24e124715123481b,test,ClassC-OTAA,WT201,1,dd18e4fae6ade21ce72be88d862c3ddc,,,
24e124715123481c,WT201-693,24e124715123481c,test,ClassC-OTAA,WT201,1,7fb4749edc0046d32994ce0926b8c82a,,,
24e124715123481d,WT201-694,24e124715123481d,test,ClassC-OTAA,WT201,1,50c737c4821bcbfce4aa6898302c5c3f,,,
24e124715123481e,WT201-695,24e124715123481e,test,ClassC-OTAA,WT201,1,ca19a1c2c219e8e6e2c3fd4a3707f7ab,,,
24e124715123481f,WT201-696,24e124715123481f,test,ClassC-OTAA,WT201,1,5300221a6fe7689e7452c7eec0a31438,,,
24e1247151234820,WT201-697,24e1247151234820,test,ClassC-OTAA,WT201,1,6717b369266cd53b950af631f8d06327,,,
24e1247151234821,WT201-698,24e1247151234821,test,ClassC-OTAA,WT201,1,171651ff13cc9c8f56a13bc13eb2fdb3,,,
24e1247151234822,WT201-699,24e1247151234822,test,ClassC-OTAA,WT201,1,1485bbd1870904712750b2cc7c040c94,,,
24e1247151234823,WT201-700,24e1247151234823,test,ClassC-OTAA,WT201,1,36e8aa41841f8b01a494800674f674d2,,,
24e1247151234824,WT201-701,24e1247151234824,test,ClassC-OTAA,WT201,1,c6035a6b5965e42aae9d2af36f3a9323,,,
24e1247151234825,WT201-702,24e1247151234825,test,ClassC-OTAA,WT201,1,5844757b293689ca931d1d68f1e0440c,,,
24e1247151234826,WT201-703,24e1247151234826,test,ClassC-OTAA,WT201,1,3180ebdfb6f6d626c57dc002458a7e2c,,,
24e1247151234827,WT201-704,24e1247151234827,test,ClassC-OTAA,WT201,1,5eb7ea5da1f84b8980f8568e5fff0a00,,,
24e1247151234828,WT201-705,24e1247151234828,test,ClassC-OTAA,WT201,1,a358c5d27abeb309d89aa702ca05dd42,,,
24e1247151234829,WT201-706,24e1247151234829,test,ClassC-OTAA,WT201,1,660d58e7e1b51e8bc950bbfc53d452da,,,
24e124715123482a,WT201-707,24e124715123482a,test,ClassC-OTAA,WT201,1,a7da3f41ff59270f835f978058859f16,,,
24e124715123482b,WT201-708,24e124715123482b,test,ClassC-OTAA,WT201,1,7b11a418609992b75a71e24c99e401bc,,,
24e124715123482c,WT201-709,24e124715123482c,test,ClassC-OTAA,WT201,1,fce9aff5844959aa4ed6f5b13148d68d,,,
24e124715123482d,WT201-710,24e124715123482d,test,ClassC-OTAA,WT201,1,68053bdc4d5f64271dd3eb4a4f14bea4,,,
24e124715123482e,WT201-711,24e124715123482e,test,ClassC-OTAA,WT201,1,20df36ae309837cf899a0cb5bc698087,,,
24e124715123482f,WT201-712,24e124715123482f,test,ClassC-OTAA,WT201,1,a62179d6d1588ca79f83c8cd32e63d95,,,
24e1247151234830,WT201-713,24e1247151234830,test,ClassC-OTAA,WT201,1,2bc810dbdad6949a98f476d5f91e97a6,,,
24e1247151234831,WT201-714,24e1247151234831,test,ClassC-OTAA,WT201,1,8a449c2d4fa398964d0a0b336610a2bd,,,
24e1247151234832,WT201-715,24e1247151234832,test,ClassC-OTAA,WT201,1,e4a8d189a92f4a778556ceaeeb64498b,,,
24e1247151234833,WT201-716,24e1247151234833,test,ClassC-OTAA,WT201,1,fe3e2042ee3498dc54f67962eb2d5d67,,,
24e1247151234834,WT201-717,24e1247151234834,test,ClassC-OTAA,WT201,1,13b050dae83bf1132ae0ef61cb8b849a,,,
24e1247151234835,WT201-718,24e1247151234835,test,ClassC-OTAA,WT201,1,a834b7f40c89dbc527d078f0a4f0e9ad,,,
24e1247151234836,WT201-719,24e1247151234836,test,ClassC-OTAA,WT201,1,473cee632193ac2b200cf43c7c8aba83,,,
24e1247151234837,WT201-720,24e1247151234837,test,ClassC-OTAA,WT201,1,bf171c6360738c1b6fb80f10a040cc00,,,
24e1247151234838,WT201-721,24e1247151234838,test,ClassC-OTAA,WT201,1,2bc7cae58a9618cec2cf3e46fde0e901,,,
24e1247151234839,WT201-722,24e1247151234839,test,ClassC-OTAA,WT201,1,a427086537afdd7c4e4501b4e26cf4a0,,,
24e124715123483a,WT201-723,24e124715123483a,test,ClassC-OTAA,WT201,1,e84fb1a977306eab724922b6110c0cb8,,,
24e124715123483b,WT201-724,24e124715123483b,test,ClassC-OTAA,WT201,1,bc840ad7da134facbc842027bc572705,,,
24e124715123483c,WT201-725,24e124715123483c,test,ClassC-OTAA,WT201,1,6c8bcbfef48a07b6afcc4eb09efe8e27,,,
24e124715123483d,WT201-726,24e124715123483d,test,ClassC-OTAA,WT201,1,fde1b7afc3caebe58c4ef67f27568433,,,
24e124715123483e,WT201-727,24e124715123483e,test,ClassC-OTAA,WT201,1,37c628e5dc26c99cd7f07a93c6b44b17,,,
24e124715123483f,WT201-728,24e124715123483f,test,ClassC-OTAA,WT201,1,42f2b15433504ad15d52d0dc3789ab2d,,,
24e1247151234840,WT201-729,24e1247151234840,test,ClassC-OTAA,WT201,1,3c992691c0debc8f2ac0984dbe293f71,,,
24e1247151234841,WT201-730,24e1247151234841,test,ClassC-OTAA,WT201,1,f23983334cabe66cd9dd20c49f863683,,,
24e1247151234842,WT201-731,24e1247151234842,test,ClassC-OTAA,WT201,1,8711519f0d7aa9c73ee79be89eb07d8b,,,
24e1247151234843,WT201-732,24e1247151234843,test,ClassC-OTAA,WT201,1,a24a184c42cb1735c314c8e2cda529e5,,,
24e1247151234844,WT201-733,24e1247151234844,test,ClassC-OTAA,WT201,1,8453d86cfd8fbc13cd8658e3065cc07b,,,
24e1247151234845,WT201-734,24e1247151234845,test,ClassC-OTAA,WT201,1,5baea4b6748e88a7f224372368efddcb,,,
24e1247151234846,WT201-735,24e1247151234846,test,ClassC-OTAA,WT201,1,a114380d89253b1c5f0757acf574eb10,,,
24e1247151234847,WT201-736,24e1247151234847,test,ClassC-OTAA,WT201,1,163b9729d55ee49d8e1cd20e2271a61e,,,
24e1247151234848,WT201-737,24e1247151234848,test,ClassC-OTAA,WT201,1,3bcaad8dfe2319ff99ed98d6b20a7aaa,,,
24e1247151234849,WT201-738,24e1247151234849,test,ClassC-OTAA,WT201,1,88919c8921b4db5356e08090489001a1,,,
24e124715123484a,WT201-739,24e124715123484a,test,ClassC-OTAA,WT201,1,59d185ca4bbbd738576fa1079eaf8013,,,
24e124715123484b,WT201-740,24e124715123484b,test,ClassC-OTAA,WT201,1,68a95427292735b264b6f6fe12929570,,,
24e124715123484c,WT201-741,24e124715123484c,test,ClassC-OTAA,WT201,1,d71e9d0bf0f61bf55a1ddf6223cc5bc2,,,
24e124715123484d,WT201-742,24e124715123484d,test,ClassC-OTAA,WT201,1,7f2ae0f96da19808cdabc99e5cfab001,,,
24e124715123484e,WT201-743,24e124715123484e,test,ClassC-OTAA,WT201,1,5c11f32816396abd86257890bacbd632,,,
24e124715123484f,WT201-744,24e124715123484f,test,ClassC-OTAA,WT201,1,6896007e323a937c88b4e7cbe295fdd9,,,
24e1247151234850,WT201-745,24e1247151234850,test,ClassC-OTAA,WT201,1,4b08ec4195000ceaf4ff7a6feaf63d7c,,,
24e1247151234851,WT201-746,24e1247151234851,test,ClassC-OTAA,WT201,1,f07004d7730380201f11ab8b020b3538,,,
24e1247151234852,WT201-747,24e1247151234852,test,ClassC-OTAA,WT201,1,12699d3dd54251f4e7f047739f3586a1,,,
24e1247151234853,WT201-748,24e1247151234853,test,ClassC-OTAA,WT201,1,6ab485625e661cda29c16f771ce6aa23,,,
24e1247151234854,WT201-749,24e1247151234854,test,ClassC-OTAA,WT201,1,80daf4bc6398427a5791beb0999b5f0c,,,
24e1247151234855,WT201-750,24e1247151234855,test,ClassC-OTAA,WT201,1,ca8c18d1f4631dc1705e92b07f3e1c5f,,,
24e1247151234856,WT201-751,24e1247151234856,test,ClassC-OTAA,WT201,1,82486d0b29f28347d0f95f9636f01c25,,,
24e1247151234857,WT201-752,24e1247151234857,test,ClassC-OTAA,WT201,1,ba2c47fa3d1a7d870a008ef96dd8260d,,,
24e1247151234858,WT201-753,24e1247151234858,test,ClassC-OTAA,WT201,1,8ff37079bec6f4d30af9c8ff94a7bc8e,,,
24e1247151234859,WT201-754,24e1247151234859,test,ClassC-OTAA,WT201,1,8cbe78f1bad3b205b469850b1f0bf213,,,
24e124715123485a,WT201-755,24e124715123485a,test,ClassC-OTAA,WT201,1,f15617cc29d3121e9ca2bfb8d0bf38c1,,,
24e124715123485b,WT201-756,24e124715123485b,test,ClassC-OTAA,WT201,1,aa158b674e7fbf005e2b0cf20b8067aa,,,
24e124715123485c,WT201-757,24e124715123485c,test,ClassC-OTAA,WT201,1,08a7313c04ec4b840fbb0dc705ca4875,,,
24e124715123485d,WT201-758,24e124715123485d,test,ClassC-OTAA,WT201,1,9a526495d20f8f8b13e329721e66aa3a,,,
24e124715123485e,WT201-759,24e124715123485e,test,ClassC-OTAA,WT201,1,c73969f985843cdc4275b819f1023f4e,,,
24e124715123485f,WT201-760,24e124715123485f,test,ClassC-OTAA,WT201,1,c4812aa83b2f6a87e04f473e2fb2d516,,,
24e1247151234860,WT201-761,24e1247151234860,test,ClassC-OTAA,WT201,1,7f874033c977c315018455dab5969a6f,,,
24e1247151234861,WT201-762,24e1247151234861,test,ClassC-OTAA,WT201,1,9c1b57046462ef986cbf9d11d7d349d7,,,
24e1247151234862,WT201-763,24e1247151234862,test,ClassC-OTAA,WT201,1,ccbc79b99628c5f444a289d2d2796db5,,,
24e1247151234863,WT201-764,24e1247151234863,test,ClassC-OTAA,WT201,1,201be4edd0947fc0ea4df7eba9ca1808,,,
24e1247151234864,WT201-765,24e1247151234864,test,ClassC-OTAA,WT201,1,470d1b6dc00a0bf21072b11070c7c5a6,,,
24e1247151234865,WT201-766,24e1247151234865,test,ClassC-OTAA,WT201,1,3e4cb9842f59cb2053c62731128082c7,,,
24e1247151234866,WT201-767,24e1247151234866,test,ClassC-OTAA,WT201,1,be7df7e58502b1ee5f856e7dd1b5b803,,,
24e1247151234867,WT201-768,24e1247151234867,test,ClassC-OTAA,WT201,1,81b730d5c84941acee932323a4e682ee,,,
24e1247151234868,WT201-769,24e1247151234868,test,ClassC-OTAA,WT201,1,4638302feb5729a7c055297624f3d46e,,,
24e1247151234869,WT201-770,24e1247151234869,test,ClassC-OTAA,WT201,1,2bd1f30004bad9b7b7ee16e25579eb49,,,
24e124715123486a,WT201-771,24e124715123486a,test,ClassC-OTAA,WT201,1,63000d505e844c086eaa50dbb8868f3b,,,
24e124715123486b,WT201-772,24e124715123486b,test,ClassC-OTAA,WT201,1,3fd58146eee26eaa902c1f0911e11e20,,,
24e124715123486c,WT201-773,24e124715123486c,test,ClassC-OTAA,WT201,1,404071a041abe45e1d3bbc0d42a8dca6,,,
24e124715123486d,WT201-774,24e124715123486d,test,ClassC-OTAA,WT201,1,11b7f3f97400ebce924e947dbb3fbe48,,,
24e124715123486e,WT201-775,24e124715123486e,test,ClassC-OTAA,WT201,1,50cb48c3b787cf0af819c77afb4ac8c0,,,
24e124715123486f,WT201-776,24e124715123486f,test,ClassC-OTAA,WT201,1,5e6482ef8c71d9345ff8a28305a6394d,,,
24e1247151234870,WT201-777,24e1247151234870,test,ClassC-OTAA,WT201,1,c8cc7e69233b71b8e1532204052a6618,,,
24e1247151234871,WT201-778,24e1247151234871,test,ClassC-OTAA,WT201,1,a062e962997b2f03244267bee72086a6,,,
24e1247151234872,WT201-779,24e1247151234872,test,ClassC-OTAA,WT201,1,9d24c1877dbbc8e59693658d3fff1293,,,
24e1247151234873,WT201-780,24e1247151234873,test,ClassC-OTAA,WT201,1,dfdf89ed04460abfad894b29f15b2cf2,,,
24e1247151234874,WT201-781,24e1247151234874,test,ClassC-OTAA,WT201,1,794cabb106c16bad7675b167ee7a36bc,,,
24e1247151234875,WT201-782,24e1247151234875,test,ClassC-OTAA,WT201,1,cedabfd637344b60b2be8820caccf7e2,,,
24e1247151234876,WT201-783,24e1247151234876,test,ClassC-OTAA,WT201,1,1dd23931ea90992de9b4ecebe07e1987,,,
24e1247151234877,WT201-784,24e1247151234877,test,ClassC-OTAA,WT201,1,2f6a0ba621f2db86af192b1280ab4d05,,,
24e1247151234878,WT201-785,24e1247151234878,test,ClassC-OTAA,WT201,1,ed9c61334924887e45d591cec381a266,,,
24e1247151234879,WT201-786,24e1247151234879,test,ClassC-OTAA,WT201,1,a910a586a98af97a905dba29c03197a0,,,
24e124715123487a,WT201-787,24e124715123487a,test,ClassC-OTAA,WT201,1,846dd66629cd7a1755dba5570b27105d,,,
24e124715123487b,WT201-788,24e124715123487b,test,ClassC-OTAA,WT201,1,9cbdbeeda694c0511b8629af31333df2,,,
24e124715123487c,WT201-789,24e124715123487c,test,ClassC-OTAA,WT201,1,90d5a6f3df22481450a7fbdb607245b3,,,
24e124715123487d,WT201-790,24e124715123487d,test,ClassC-OTAA,WT201,1,c88e1a72f77515c0243ddc20b4b10426,,,
24e124715123487e,WT201-791,24e124715123487e,test,ClassC-OTAA,WT201,1,4d850941b32f36fed647b2b00a371dd6,,,
24e124715123487f,WT201-792,24e124715123487f,test,ClassC-OTAA,WT201,1,0abeb644bd70b5dc227bd3fda5cde35d,,,
24e1247151234880,WT201-793,24e1247151234880,test,ClassC-OTAA,WT201,1,874a21bde0aef2b0ea6d72ca00a7ea2b,,,
24e1247151234881,WT201-794,24e1247151234881,test,ClassC-OTAA,WT201,1,36d497925889eaaae3b135fd5afcd103,,,
24e1247151234882,WT201-795,24e1247151234882,test,ClassC-OTAA,WT201,1,48cb3e5423f3fee25c7d3c61f5f97037,,,
24e1247151234883,WT201-796,24e1247151234883,test,ClassC-OTAA,WT201,1,a075a184483638133a685553e018c1b3,,,
24e1247151234884,WT201-797,24e1247151234884,test,ClassC-OTAA,WT201,1,5108d4eb9d9093ac7dd073a9a1548c3c,,,
24e1247151234885,WT201-798,24e1247151234885,test,ClassC-OTAA,WT201,1,86fa611bbe227907f2cdef3c334a0620,,,
24e1247151234886,WT201-799,24e1247151234886,test,ClassC-OTAA,WT201,1,2f243e2ea6be191ebd076c67019da933,,,
24e1247151234887,WT201-800,24e1247151234887,test,ClassC-OTAA,WT201,1,5447ab830dfecbd88727bd592b19672c,,,
24e1247151234888,WT201-801,24e1247151234888,test,ClassC-OTAA,WT201,1,622d62a27016e09fcfda6baf7dacf151,,,
24e1247151234889,WT201-802,24e1247151234889,test,ClassC-OTAA,WT201,1,570cca271a89ca43e09325c67ce6bd68,,,
24e124715123488a,WT201-803,24e124715123488a,test,ClassC-OTAA,WT201,1,28ad836da92a2601864f417cc363d3c9,,,
24e124715123488b,WT201-804,24e124715123488b,test,ClassC-OTAA,WT201,1,3d89c93a933e27f4a7fe347f0f92e254,,,
24e124715123488c,WT201-805,24e124715123488c,test,ClassC-OTAA,WT201,1,186038feeb192b3c4042f183792ee9b7,,,
24e124715123488d,WT201-806,24e124715123488d,test,ClassC-OTAA,WT201,1,00c54ea3d51d9cfe5f225e893dde7f2d,,,
24e124715123488e,WT201-807,24e124715123488e,test,ClassC-OTAA,WT201,1,877b04a97b72a7aaba566e70432e349a,,,
24e124715123488f,WT201-808,24e124715123488f,test,ClassC-OTAA,WT201,1,1060f3f82980513aa7416fd5731d454d,,,
24e1247151234890,WT201-809,24e1247151234890,test,ClassC-OTAA,WT201,1,afc3d096972f9aef5baa6fbe6af54801,,,
24e1247151234891,WT201-810,24e1247151234891,test,ClassC-OTAA,WT201,1,684d1cfc1fad99816ae9c17b9c99b66a,,,
24e1247151234892,WT201-811,24e1247151234892,test,ClassC-OTAA,WT201,1,4e4c4c1528cbcb5b6de688c373162e42,,,
24e1247151234893,WT201-812,24e1247151234893,test,ClassC-OTAA,WT201,1,968e19373e62402c2fff9991056ba3ed,,,
24e1247151234894,WT201-813,24e1247151234894,test,ClassC-OTAA,WT201,1,3cec8b88f7c62994273df6e755a2b77b,,,
24e1247151234895,WT201-814,24e1247151234895,test,ClassC-OTAA,WT201,1,375653158ec8843a5db5cea655aeb03a,,,
24e1247151234896,WT201-815,24e1247151234896,test,ClassC-OTAA,WT201,1,2e3dd74090a51c83c65741b040fe44a8,,,
24e1247151234897,WT201-816,24e1247151234897,test,ClassC-OTAA,WT201,1,b87ba33d2b8fe7360f9169a11fb5e2c4,,,
24e1247151234898,WT201-817,24e1247151234898,test,ClassC-OTAA,WT201,1,5ece73fee5d7b3c6c416f60d8581b7ad,,,
24e1247151234899,WT201-818,24e1247151234899,test,ClassC-OTAA,WT201,1,2a9f8b4ad1cf77d7e70ee34ecc29deb9,,,
24e124715123489a,WT201-819,24e124715123489a,test,ClassC-OTAA,WT201,1,509cc2b82d3cd682c72b0bad21291d95,,,
24e124715123489b,WT201-820,24e124715123489b,test,ClassC-OTAA,WT201,1,7085991535350eba5699d21ac18aab34,,,
24e124715123489c,WT201-821,24e124715123489c,test,ClassC-OTAA,WT201,1,876fe229b6d29b21c97f97336b4690ec,,,
24e124715123489d,WT201-822,24e124715123489d,test,ClassC-OTAA,WT201,1,78b01bcbe3e12311e27b27116a8c96f8,,,
24e124715123489e,WT201-823,24e124715123489e,test,ClassC-OTAA,WT201,1,9e5142097c5b05eb723dd1acf3231394,,,
24e124715123489f,WT201-824,24e124715123489f,test,ClassC-OTAA,WT201,1,fd3956b2576369969c60bf976cf585ef,,,
24e12471512348a0,WT201-825,24e12471512348a0,test,ClassC-OTAA,WT201,1,e8926775597365a662ba0186331a86b2,,,
24e12471512348a1,WT201-826,24e12471512348a1,test,ClassC-OTAA,WT201,1,ab6be16bdf103437576f40a6e3bb81e0,,,
24e12471512348a2,WT201-827,24e12471512348a2,test,ClassC-OTAA,WT201,1,172ecec839bec9943b60b01003f0b5e8,,,
24e12471512348a3,WT201-828,24e12471512348a3,test,ClassC-OTAA,WT201,1,41237e61f4b0fcc95dc59aeb3752f02b,,,
24e12471512348a4,WT201-829,24e12471512348a4,test,ClassC-OTAA,WT201,1,6fb15bd8280d71b766518989b0b50330,,,
24e12471512348a5,WT201-830,24e12471512348a5,test,ClassC-OTAA,WT201,1,0cbd2de0f88917bfa38d044c6347b39f,,,
24e12471512348a6,WT201-831,24e12471512348a6,test,ClassC-OTAA,WT201,1,7e6fb096acd007d5b66cc479cccaa314,,,
24e12471512348a7,WT201-832,24e12471512348a7,test,ClassC-OTAA,WT201,1,199727106db879aafdb74f80c947632e,,,
24e12471512348a8,WT201-833,24e12471512348a8,test,ClassC-OTAA,WT201,1,f93d750b29a892c6f1069d74e1cc84fb,,,
24e12471512348a9,WT201-834,24e12471512348a9,test,ClassC-OTAA,WT201,1,545320762542075fcf3357f88df32256,,,
24e12471512348aa,WT201-835,24e12471512348aa,test,ClassC-OTAA,WT201,1,9b4494ab1c29692bfa990059760b7d7e,,,
24e12471512348ab,WT201-836,24e12471512348ab,test,ClassC-OTAA,WT201,1,abbeb709095b35261abb2267da33f790,,,
24e12471512348ac,WT201-837,24e12471512348ac,test,ClassC-OTAA,WT201,1,9812e53a61ac14ff552665c046c3099a,,,
24e12471512348ad,WT201-838,24e12471512348ad,test,ClassC-OTAA,WT201,1,20af348c8394b6e6f10acff65368c75e,,,
24e12471512348ae,WT201-839,24e12471512348ae,test,ClassC-OTAA,WT201,1,55970d0c75fe11dd850de47a8dee5522,,,
24e12471512348af,WT201-840,24e12471512348af,test,ClassC-OTAA,WT201,1,63c10c74c07f0121eac98ad28a0de1ff,,,
24e12471512348b0,WT201-841,24e12471512348b0,test,ClassC-OTAA,WT201,1,4501b73c2cba41f0c7a43c632e6679d1,,,
24e12471512348b1,WT201-842,24e12471512348b1,test,ClassC-OTAA,WT201,1,89911ff7cd3947531353a3f0915801ad,,,
24e12471512348b2,WT201-843,24e12471512348b2,test,ClassC-OTAA,WT201,1,ebd689e2cb6a46acea328084622fbeb6,,,
24e12471512348b3,WT201-844,24e12471512348b3,test,ClassC-OTAA,WT201,1,001174237ceeede172ee745827d47a62,,,
24e12471512348b4,WT201-845,24e12471512348b4,test,ClassC-OTAA,WT201,1,54347598c7c60f4af9daf73bd40e9bdb,,,
24e12471512348b5,WT201-846,24e12471512348b5,test,ClassC-OTAA,WT201,1,19b4c1a5333d3eebcc5b311968b0db52,,,
24e12471512348b6,WT201-847,24e12471512348b6,test,ClassC-OTAA,WT201,1,8c02a97ea7a73c9396ca5c0a5059bd04,,,
24e12471512348b7,WT201-848,24e12471512348b7,test,ClassC-OTAA,WT201,1,ed62bb506359b8b7b6f729bf357eabb1,,,
24e12471512348b8,WT201-849,24e12471512348b8,test,ClassC-OTAA,WT201,1,84d95c30ad8b47cf2465b04a51e1ed54,,,
24e12471512348b9,WT201-850,24e12471512348b9,test,ClassC-OTAA,WT201,1,0cd3dd9ca7951b1d519adfc4d64dc66d,,,
24e12471512348ba,WT201-851,24e12471512348ba,test,ClassC-OTAA,WT201,1,bfdfbc09769dc1246e8a4c64244bed1d,,,
24e12471512348bb,WT201-852,24e12471512348bb,test,ClassC-OTAA,WT201,1,0a450261c6e74b3272fa8ad87005e3fe,,,
24e12471512348bc,WT201-853,24e12471512348bc,test,ClassC-OTAA,WT201,1,d248692e57c5e3fb58857bb9ed0768cb,,,
24e12471512348bd,WT201-854,24e12471512348bd,test,ClassC-OTAA,WT201,1,29a5b00127a10aaccb1114bfd5098167,,,
24e12471512348be,WT201-855,24e12471512348be,test,ClassC-OTAA,WT201,1,37e3725ac82ef3e7506bc033fed4ef39,,,
24e12471512348bf,WT201-856,24e12471512348bf,test,ClassC-OTAA,WT201,1,ddbcfe71e2257a0bd4e13a3ba8c6f524,,,
24e12471512348c0,WT201-857,24e12471512348c0,test,ClassC-OTAA,WT201,1,a022c9b22d7445fc8a5ce05df463791f,,,
24e12471512348c1,WT201-858,24e12471512348c1,test,ClassC-OTAA,WT201,1,80b732c64157e62ffc246226902c3638,,,
24e12471512348c2,WT201-859,24e12471512348c2,test,ClassC-OTAA,WT201,1,297da81b49ea86187af53f34142f0356,,,
24e12471512348c3,WT201-860,24e12471512348c3,test,ClassC-OTAA,WT201,1,9e1efb2006f36d5be1948c617f2fcb3f,,,
24e12471512348c4,WT201-861,24e12471512348c4,test,ClassC-OTAA,WT201,1,36306fd104fbf8d4fc0408dbb60f3cb3,,,
24e12471512348c5,WT201-862,24e12471512348c5,test,ClassC-OTAA,WT201,1,7f8dfeea4d6433b4e6984601d0182827,,,
24e12471512348c6,WT201-863,24e12471512348c6,test,ClassC-OTAA,WT201,1,49fbaff65c0800096890f0de41ba7edf,,,
24e12471512348c7,WT201-864,24e12471512348c7,test,ClassC-OTAA,WT201,1,e0816669ac4c426b21215f4d7c9565e8,,,
24e12471512348c8,WT201-865,24e12471512348c8,test,ClassC-OTAA,WT201,1,0254140d74c6d7193c597233b4b5feba,,,
24e12471512348c9,WT201-866,24e12471512348c9,test,ClassC-OTAA,WT201,1,7d87e2c5a0d4e955254c7f29609ef896,,,
24e12471512348ca,WT201-867,24e12471512348ca,test,ClassC-OTAA,WT201,1,576bd0936077195b9249f54f2addc751,,,
24e12471512348cb,WT201-868,24e12471512348cb,test,ClassC-OTAA,WT201,1,391d65f08ba3d0eb8fda2f9541c2b4c7,,,
24e12471512348cc,WT201-869,24e12471512348cc,test,ClassC-OTAA,WT201,1,3cac4dd067e5bb61c677f7bed5d641ed,,,
24e12471512348cd,WT201-870,24e12471512348cd,test,ClassC-OTAA,WT201,1,3dbb577c208fd2bbbc25633d49bb4681,,,
24e12471512348ce,WT201-871,24e12471512348ce,test,ClassC-OTAA,WT201,1,fb8d2c33dde3a0a0b2449a318e396d9f,,,
24e12471512348cf,WT201-872,24e12471512348cf,test,ClassC-OTAA,WT201,1,4e8c95a701e5567e41e277742782f8f2,,,
24e12471512348d0,WT201-873,24e12471512348d0,test,ClassC-OTAA,WT201,1,3ce9f429f011b9cbf4d655bccf065236,,,
24e12471512348d1,WT201-874,24e12471512348d1,test,ClassC-OTAA,WT201,1,18a00637a3e57565034063347fea62c8,,,
24e12471512348d2,WT201-875,24e12471512348d2,test,ClassC-OTAA,WT201,1,615cebbabc2e410da22a8cb059e6348d,,,
24e12471512348d3,WT201-876,24e12471512348d3,test,ClassC-OTAA,WT201,1,9d5bfb64f10d3ba3290a4a47eeac2d60,,,
24e12471512348d4,WT201-877,24e12471512348d4,test,ClassC-OTAA,WT201,1,5d090845dd3a0e0362ce239c3acc395a,,,
24e12471512348d5,WT201-878,24e12471512348d5,test,ClassC-OTAA,WT201,1,f169e0154ebb3819cf7fe93d7ce2f6eb,,,
24e12471512348d6,WT201-879,24e12471512348d6,test,ClassC-OTAA,WT201,1,dc20f6f608d3b3f2217d1e778eb9223d,,,
24e12471512348d7,WT201-880,24e12471512348d7,test,ClassC-OTAA,WT201,1,01220f119ad9ca50740aa245475beda2,,,
24e12471512348d8,WT201-881,24e12471512348d8,test,ClassC-OTAA,WT201,1,4331b19d9ed21be740fffb1ebb543812,,,
24e12471512348d9,WT201-882,24e12471512348d9,test,ClassC-OTAA,WT201,1,a613dd44c7648d821825ba9b5741d486,,,
24e12471512348da,WT201-883,24e12471512348da,test,ClassC-OTAA,WT201,1,a3e6ba3b46d5ef753bb1945362f086ab,,,
24e12471512348db,WT201-884,24e12471512348db,test,ClassC-OTAA,WT201,1,f9ea4e3022cc7c3e5f36320eb1832907,,,
24e12471512348dc,WT201-885,24e12471512348dc,test,ClassC-OTAA,WT201,1,8fafd6905ff9ee4ca18ffefd0f24c69b,,,
24e12471512348dd,WT201-886,24e12471512348dd,test,ClassC-OTAA,WT201,1,106843b1117ded81e1b6228e5573c534,,,
24e12471512348de,WT201-887,24e12471512348de,test,ClassC-OTAA,WT201,1,b3e797829db72488199673d34d482211,,,
24e12471512348df,WT201-888,24e12471512348df,test,ClassC-OTAA,WT201,1,35fefa9c135922c03016889453f8d97e,,,
24e12471512348e0,WT201-889,24e12471512348e0,test,ClassC-OTAA,WT201,1,ab97056547b8b973ef10e20c9258627b,,,
24e12471512348e1,WT201-890,24e12471512348e1,test,ClassC-OTAA,WT201,1,5f885daa3997f906356661ab8ca0feb9,,,
24e12471512348e2,WT201-891,24e12471512348e2,test,ClassC-OTAA,WT201,1,eb30a4c131b1d793cd29e7c8c000aaf2,,,
24e12471512348e3,WT201-892,24e12471512348e3,test,ClassC-OTAA,WT201,1,ddfda193073dc31afdfaba071350d083,,,
24e12471512348e4,WT201-893,24e12471512348e4,test,ClassC-OTAA,WT201,1,c2ca62cafe04365fc939b27d3215b80a,,,
24e12471512348e5,WT201-894,24e12471512348e5,test,ClassC-OTAA,WT201,1,3de947d31d4a9313146dd51a5ddded4d,,,
24e12471512348e6,WT201-895,24e12471512348e6,test,ClassC-OTAA,WT201,1,6347421798fec8afe017f15fe14a906d,,,
24e12471512348e7,WT201-896,24e12471512348e7,test,ClassC-OTAA,WT201,1,fdb5c77e4d439a553d60246dc421b535,,,
24e12471512348e8,WT201-897,24e12471512348e8,test,ClassC-OTAA,WT201,1,321dc0b7d0ade0a62f0ef35bea3a72b3,,,
24e12471512348e9,WT201-898,24e12471512348e9,test,ClassC-OTAA,WT201,1,3cecbc687374f937e53ca5a52321d7e5,,,
24e12471512348ea,WT201-899,24e12471512348ea,test,ClassC-OTAA,WT201,1,140b781b99099f776543af3593d9bbcc,,,
24e12471512348eb,WT201-900,24e12471512348eb,test,ClassC-OTAA,WT201,1,5768eaa5c0c27fd8054cb68b35123be3,,,
24e12471512348ec,WT201-901,24e12471512348ec,test,ClassC-OTAA,WT201,1,638dfcd1ebb17e6d91157317e0b889ae,,,
24e12471512348ed,WT201-902,24e12471512348ed,test,ClassC-OTAA,WT201,1,d7029034680420a24d54b4218ce24d94,,,
24e12471512348ee,WT201-903,24e12471512348ee,test,ClassC-OTAA,WT201,1,66e3aa11e41519adea4777588b2c9758,,,
24e12471512348ef,WT201-904,24e12471512348ef,test,ClassC-OTAA,WT201,1,bc82030cda6da1be6675eb837e1ce1df,,,
24e12471512348f0,WT201-905,24e12471512348f0,test,ClassC-OTAA,WT201,1,bd4be6d3cecb74a1a8748490abeb3e4b,,,
24e12471512348f1,WT201-906,24e12471512348f1,test,ClassC-OTAA,WT201,1,69a12a25ec96242093b4dceed915b455,,,
24e12471512348f2,WT201-907,24e12471512348f2,test,ClassC-OTAA,WT201,1,84e17e1f728f14d5d368670eb21bbdd2,,,
24e12471512348f3,WT201-908,24e12471512348f3,test,ClassC-OTAA,WT201,1,b067a67ebe4bc98128b66247ec0a81ff,,,
24e12471512348f4,WT201-909,24e12471512348f4,test,ClassC-OTAA,WT201,1,ffb3bf795ea72678d95690865ec0c8ec,,,
24e12471512348f5,WT201-910,24e12471512348f5,test,ClassC-OTAA,WT201,1,94abc4fa893f7d84b674257360b0e55c,,,
24e12471512348f6,WT201-911,24e12471512348f6,test,ClassC-OTAA,WT201,1,d4631bd7072afeab27955a5e796196f3,,,
24e12471512348f7,WT201-912,24e12471512348f7,test,ClassC-OTAA,WT201,1,f8f7af2f93530ef375fd3671e003d2f7,,,
24e12471512348f8,WT201-913,24e12471512348f8,test,ClassC-OTAA,WT201,1,0bd7532a929b8e09f8c99c4c647a6108,,,
24e12471512348f9,WT201-914,24e12471512348f9,test,ClassC-OTAA,WT201,1,f7441338c9b0dc19f696abad1612ffea,,,
24e12471512348fa,WT201-915,24e12471512348fa,test,ClassC-OTAA,WT201,1,4bf3a45a262103acefad1e19b91330a9,,,
24e12471512348fb,WT201-916,24e12471512348fb,test,ClassC-OTAA,WT201,1,68c512fbe360145b2300009deda5a7c8,,,
24e12471512348fc,WT201-917,24e12471512348fc,test,ClassC-OTAA,WT201,1,ade017abd7000772f86f43d36d6050e8,,,
24e12471512348fd,WT201-918,24e12471512348fd,test,ClassC-OTAA,WT201,1,3735b78fcec3b7c9b084ca471a860fc5,,,
24e12471512348fe,WT201-919,24e12471512348fe,test,ClassC-OTAA,WT201,1,ff0fd3ab6bdb51ea06c14316db9a0ed2,,,
24e12471512348ff,WT201-920,24e12471512348ff,test,ClassC-OTAA,WT201,1,4858b96eb3eed873bd22987aaa7a5bfe,,,
24e1247151234900,WT201-921,24e1247151234900,test,ClassC-OTAA,WT201,1,4215b625d9c4e42f8c0b9183e022891f,,,
24e1247151234901,WT201-922,24e1247151234901,test,ClassC-OTAA,WT201,1,7d84934750b617a8a36876b05903080f,,,
24e1247151234902,WT201-923,24e1247151234902,test,ClassC-OTAA,WT201,1,49299d20244feac4e3241ae894710aa5,,,
24e1247151234903,WT201-924,24e1247151234903,test,ClassC-OTAA,WT201,1,e25a2fd3445d4bbd298f3a76c8ef109b,,,
24e1247151234904,WT201-925,24e1247151234904,test,ClassC-OTAA,WT201,1,7d841f0817d4a3e76f722fd77a3d76b3,,,
24e1247151234905,WT201-926,24e1247151234905,test,ClassC-OTAA,WT201,1,b3bb0788734a1e4f863d4648424063b8,,,
24e1247151234906,WT201-927,24e1247151234906,test,ClassC-OTAA,WT201,1,8a60a77f109c5784f7e2178785e723f3,,,
24e1247151234907,WT201-928,24e1247151234907,test,ClassC-OTAA,WT201,1,d809e76bdf1db9e1833ee30d14636d89,,,
24e1247151234908,WT201-929,24e1247151234908,test,ClassC-OTAA,WT201,1,2d8b360099abc23ca7ff616a837c6f66,,,
24e1247151234909,WT201-930,24e1247151234909,test,ClassC-OTAA,WT201,1,439dcdfaa045e80e0079ded79f8eb407,,,
24e124715123490a,WT201-931,24e124715123490a,test,ClassC-OTAA,WT201,1,8b252682c470e35584da7062e0f77db3,,,
24e124715123490b,WT201-932,24e124715123490b,test,ClassC-OTAA,WT201,1,8cbea6c91da1d1f4e895825ae2fa9f3e,,,
24e124715123490c,WT201-933,24e124715123490c,test,ClassC-OTAA,WT201,1,58f92805176a0d93091977d91bd18331,,,
24e124715123490d,WT201-934,24e124715123490d,test,ClassC-OTAA,WT201,1,733b20d567993bccce97cefae36a2582,,,
24e124715123490e,WT201-935,24e124715123490e,test,ClassC-OTAA,WT201,1,f98e2c16de0cb5f3d0aee0a10d0197d0,,,
24e124715123490f,WT201-936,24e124715123490f,test,ClassC-OTAA,WT201,1,fb0fb7e0097ffde96e8d2f0964d1783d,,,
24e1247151234910,WT201-937,24e1247151234910,test,ClassC-OTAA,WT201,1,28da0c3e16bb4ae105c305944759c22f,,,
24e1247151234911,WT201-938,24e1247151234911,test,ClassC-OTAA,WT201,1,2bd6fb7d7e21db2471ce0b92319656a4,,,
24e1247151234912,WT201-939,24e1247151234912,test,ClassC-OTAA,WT201,1,62097185b6c6b9d98b8eb6899c1c7e92,,,
24e1247151234913,WT201-940,24e1247151234913,test,ClassC-OTAA,WT201,1,94095d561d85e6a7ade68f3ea5edcf69,,,
24e1247151234914,WT201-941,24e1247151234914,test,ClassC-OTAA,WT201,1,24ebb232860b3951299803176876af8c,,,
24e1247151234915,WT201-942,24e1247151234915,test,ClassC-OTAA,WT201,1,3813d1985caf1df3137155dc324f04d8,,,
24e1247151234916,WT201-943,24e1247151234916,test,ClassC-OTAA,WT201,1,d6a6ba67af54a8530cddc5caec739ff7,,,
24e1247151234917,WT201-944,24e1247151234917,test,ClassC-OTAA,WT201,1,c714686b89067337db9331260758e411,,,
24e1247151234918,WT201-945,24e1247151234918,test,ClassC-OTAA,WT201,1,6bf195676caf69bb54fd6a068f53146f,,,
24e1247151234919,WT201-946,24e1247151234919,test,ClassC-OTAA,WT201,1,489daa3abc69b39138c154f30b48456a,,,
24e124715123491a,WT201-947,24e124715123491a,test,ClassC-OTAA,WT201,1,93013262cf383ba4c1a0187ab0fb1bc5,,,
24e124715123491b,WT201-948,24e124715123491b,test,ClassC-OTAA,WT201,1,afc47061434dd8035c44b672c5b60342,,,
24e124715123491c,WT201-949,24e124715123491c,test,ClassC-OTAA,WT201,1,505db9ad66a11fe780bee5157cb13d57,,,
24e124715123491d,WT201-950,24e124715123491d,test,ClassC-OTAA,WT201,1,3d1baedd626196d1ecc8adfc389d2ab6,,,
24e124715123491e,WT201-951,24e124715123491e,test,ClassC-OTAA,WT201,1,a6583bbf7897f54b3eedf30a37c26488,,,
24e124715123491f,WT201-952,24e124715123491f,test,ClassC-OTAA,WT201,1,1667f4a89341eaa4d72553bb25226f38,,,
24e1247151234920,WT201-953,24e1247151234920,test,ClassC-OTAA,WT201,1,9779c61b1b2897fe35486a7d0c7d31a7,,,
24e1247151234921,WT201-954,24e1247151234921,test,ClassC-OTAA,WT201,1,f0972ac19827351180d0018ab95c09ce,,,
24e1247151234922,WT201-955,24e1247151234922,test,ClassC-OTAA,WT201,1,8fde4e03af71f7fad6ae0cee2aa8b165,,,
24e1247151234923,WT201-956,24e1247151234923,test,ClassC-OTAA,WT201,1,a084189a4105107f3cffde494ee81172,,,
24e1247151234924,WT201-957,24e1247151234924,test,ClassC-OTAA,WT201,1,2564f89bf62d08aa9156271cc3bc4bd7,,,
24e1247151234925,WT201-958,24e1247151234925,test,ClassC-OTAA,WT201,1,60950b2220dafd348739342bea99117e,,,
24e1247151234926,WT201-959,24e1247151234926,test,ClassC-OTAA,WT201,1,e59fbc3c349424510246f8c368ab2319,,,
24e1247151234927,WT201-960,24e1247151234927,test,ClassC-OTAA,WT201,1,47259c12f77660e5cc29cdbfbf912e84,,,
24e1247151234928,WT201-961,24e1247151234928,test,ClassC-OTAA,WT201,1,fe4de59f25788defd41eee17358c3f96,,,
24e1247151234929,WT201-962,24e1247151234929,test,ClassC-OTAA,WT201,1,1bc016297c67a8ebdfed2ab99ad6b76b,,,
24e124715123492a,WT201-963,24e124715123492a,test,ClassC-OTAA,WT201,1,9ad61efa2118274a70aa0c99de5c2c2e,,,
24e124715123492b,WT201-964,24e124715123492b,test,ClassC-OTAA,WT201,1,06a2810debe0fedcf5586a9b36665cd0,,,
24e124715123492c,WT201-965,24e124715123492c,test,ClassC-OTAA,WT201,1,5219be9b24d270d09008435d1e0cf154,,,
24e124715123492d,WT201-966,24e124715123492d,test,ClassC-OTAA,WT201,1,4e773b7b4ecd93ac424b662e5bbe46dc,,,
24e124715123492e,WT201-967,24e124715123492e,test,ClassC-OTAA,WT201,1,d5bf17b824c72ec5a651313ea6f965cc,,,
24e124715123492f,WT201-968,24e124715123492f,test,ClassC-OTAA,WT201,1,b039cf4ab5da4335e947df2a2342a175,,,
24e1247151234930,WT201-969,24e1247151234930,test,ClassC-OTAA,WT201,1,087f6e967913da6491ee70561586ac72,,,
24e1247151234931,WT201-970,24e1247151234931,test,ClassC-OTAA,WT201,1,90702fe66aabd6664ee704bb12f5ec47,,,
24e1247151234932,WT201-971,24e1247151234932,test,ClassC-OTAA,WT201,1,9c2dc3a0012694b47e8e5f4eec3f2373,,,
24e1247151234933,WT201-972,24e1247151234933,test,ClassC-OTAA,WT201,1,6284842552f9d9f97cf9db30e737a7f3,,,
24e1247151234934,WT201-973,24e1247151234934,test,ClassC-OTAA,WT201,1,7d1bdcfe87088da02c9137b6db979d58,,,
24e1247151234935,WT201-974,24e1247151234935,test,ClassC-OTAA,WT201,1,d1f84729398bcbef45e75ae75c950377,,,
24e1247151234936,WT201-975,24e1247151234936,test,ClassC-OTAA,WT201,1,290fa8ee271db6d6b211abd0c1ad321f,,,
24e1247151234937,WT201-976,24e1247151234937,test,ClassC-OTAA,WT201,1,d2a66fe88475924644dc955968556313,,,
24e1247151234938,WT201-977,24e1247151234938,test,ClassC-OTAA,WT201,1,a7369ec2c150aab78d982734051d8a76,,,
24e1247151234939,WT201-978,24e1247151234939,test,ClassC-OTAA,WT201,1,d7bb3b8a478b2fd22fcd9b8cbc6c3539,,,
24e124715123493a,WT201-979,24e124715123493a,test,ClassC-OTAA,WT201,1,e75b384bd621743da4f07bdb9283d3ca,,,
24e124715123493b,WT201-980,24e124715123493b,test,ClassC-OTAA,WT201,1,7d8bca7cf8900586e98ec1fabd6fcfef,,,
24e124715123493c,WT201-981,24e124715123493c,test,ClassC-OTAA,WT201,1,724ed5333eccfeb8b37e0776c42d1621,,,
24e124715123493d,WT201-982,24e124715123493d,test,ClassC-OTAA,WT201,1,13ba2bdc78d4039200217b03fb7c9bfa,,,
24e124715123493e,WT201-983,24e124715123493e,test,ClassC-OTAA,WT201,1,16c5fe7aa40a59d3b754b133165c3d88,,,
24e124715123493f,WT201-984,24e124715123493f,test,ClassC-OTAA,WT201,1,b133a0486b0f00fc6b63e9215d9bfd46,,,
24e1247151234940,WT201-985,24e1247151234940,test,ClassC-OTAA,WT201,1,c0e157bcf361e5c0c3cf3c65477e80e1,,,
24e1247151234941,WT201-986,24e1247151234941,test,ClassC-OTAA,WT201,1,ba9f2ad8ad2066aac5762da5a73cfe44,,,
24e1247151234942,WT201-987,24e1247151234942,test,ClassC-OTAA,WT201,1,82805778c764d78b77fdb74cb32768c0,,,
24e1247151234943,WT201-988,24e1247151234943,test,ClassC-OTAA,WT201,1,5baefeab1f3f79ec58a0efdee8586f69,,,
24e1247151234944,WT201-989,24e1247151234944,test,ClassC-OTAA,WT201,1,f7a36c678efd88fadf5dfb033cd03164,,,
24e1247151234945,WT201-990,24e1247151234945,test,ClassC-OTAA,WT201,1,b20d711b055a87ff15a8cf824f5e2ba9,,,
24e1247151234946,WT201-991,24e1247151234946,test,ClassC-OTAA,WT201,1,b6ea7e9a1f890be9b848f3fe7312d436,,,
24e1247151234947,WT201-992,24e1247151234947,test,ClassC-OTAA,WT201,1,813da717b546d2b1656718f785e50f64,,,
24e1247151234948,WT201-993,24e1247151234948,test,ClassC-OTAA,WT201,1,28a0057d35fe3e3585b54e8bd0322449,,,
24e1247151234949,WT201-994,24e1247151234949,test,ClassC-OTAA,WT201,1,9a04930557d20af20576a10ad9733917,,,
24e124715123494a,WT201-995,24e124715123494a,test,ClassC-OTAA,WT201,1,455992643c2caa91d44aec3f9575bcdc,,,
24e124715123494b,WT201-996,24e124715123494b,test,ClassC-OTAA,WT201,1,383aeb64426b5bfdce2c4c08b37915db,,,
24e124715123494c,WT201-997,24e124715123494c,test,ClassC-OTAA,WT201,1,4dc901fa41ac7358192f3a7d506c25b5,,,
24e124715123494d,WT201-998,24e124715123494d,test,ClassC-OTAA,WT201,1,5e4aba4d0d4b49562e12b89a29686bea,,,
24e124715123494e,WT201-999,24e124715123494e,test,ClassC-OTAA,WT201,1,52189c759a9e57ef74479ff1452aaa32,,,
24e124715123494f,WT201-1000,24e124715123494f,test,ClassC-OTAA,WT201,1,84d613424eb0c0e8fc6215f355749cce,,,
